Time 1 (s),Angle 1 12 (rad),Angle 1 34(rad),Time 2 (s),Angle 2 12 (rad),Angle 2 34 (rad),Time 3 (s),Angle 3 12 (rad),Angle 3 34 (rad),,,,,,,,,,,,,,,,,,,,,,,,,,,,,,
0,0,0,0,0,0,0,0.017,0,,,,,,,,,,,,,,,,,,,,,,,,,,,,,,
0.025,0,0,0.025,0.017,0,0.025,0.017,0.035,,,,,,,,,,,,,,,,,,,,,,,,,,,,,,
0.05,0,0,0.05,0.035,-0.017,0.05,0.035,0.052,,,,,,,,,,,,,,,,,,,,,,,,,,,,,,
0.075,0,0,0.075,0.052,-0.017,0.075,0.052,0.087,,,,,,,,,,,,,,,,,,,,,,,,,,,,,,
0.1,0,0,0.1,0.07,-0.017,0.1,0.052,0.105,,,,,,,,,,,,,,,,,,,,,,,,,,,,,,
0.125,0,0,0.125,0.087,-0.017,0.125,0.052,0.122,,,,,,,,,,,,,,,,,,,,,,,,,,,,,,
0.15,0,-0.017,0.15,0.105,-0.017,0.15,0.035,0.14,,,,,,,,,,,,,,,,,,,,,,,,,,,,,,
0.175,0,-0.017,0.175,0.122,0,0.175,0.035,0.157,,,,,,,,,,,,,,,,,,,,,,,,,,,,,,
0.2,0,-0.035,0.2,0.14,0,0.2,0.017,0.175,,,,,,,,,,,,,,,,,,,,,,,,,,,,,,
0.225,0,-0.035,0.225,0.157,0,0.225,0,0.175,,,,,,,,,,,,,,,,,,,,,,,,,,,,,,
0.25,0.017,-0.052,0.25,0.157,0.017,0.25,-0.017,0.175,,,,,,,,,,,,,,,,,,,,,,,,,,,,,,
0.275,0.017,-0.052,0.275,0.175,0.017,0.275,-0.035,0.175,,,,,,,,,,,,,,,,,,,,,,,,,,,,,,
0.3,0.035,-0.07,0.3,0.175,0.035,0.3,-0.052,0.157,,,,,,,,,,,,,,,,,,,,,,,,,,,,,,
0.325,0.035,-0.087,0.325,0.192,0.035,0.325,-0.052,0.14,,,,,,,,,,,,,,,,,,,,,,,,,,,,,,
0.35,0.052,-0.087,0.35,0.192,0.052,0.35,-0.07,0.122,,,,,,,,,,,,,,,,,,,,,,,,,,,,,,
0.375,0.07,-0.105,0.375,0.192,0.052,0.375,-0.07,0.105,,,,,,,,,,,,,,,,,,,,,,,,,,,,,,
0.4,0.087,-0.105,0.4,0.192,0.052,0.4,-0.07,0.07,,,,,,,,,,,,,,,,,,,,,,,,,,,,,,
0.425,0.105,-0.105,0.425,0.192,0.07,0.425,-0.052,0.052,,,,,,,,,,,,,,,,,,,,,,,,,,,,,,
0.45,0.14,-0.122,0.45,0.192,0.07,0.45,-0.052,0.017,,,,,,,,,,,,,,,,,,,,,,,,,,,,,,
0.475,0.157,-0.122,0.475,0.192,0.07,0.475,-0.035,0,,,,,,,,,,,,,,,,,,,,,,,,,,,,,,
0.5,0.175,-0.122,0.5,0.192,0.052,0.5,0,-0.017,,,,,,,,,,,,,,,,,,,,,,,,,,,,,,
0.525,0.192,-0.105,0.525,0.192,0.052,0.525,0.017,-0.035,,,,,,,,,,,,,,,,,,,,,,,,,,,,,,
0.55,0.209,-0.105,0.55,0.192,0.052,0.55,0.052,-0.052,,,,,,,,,,,,,,,,,,,,,,,,,,,,,,
0.575,0.227,-0.105,0.575,0.209,0.035,0.575,0.087,-0.07,,,,,,,,,,,,,,,,,,,,,,,,,,,,,,
0.6,0.244,-0.087,0.6,0.209,0.035,0.6,0.122,-0.07,,,,,,,,,,,,,,,,,,,,,,,,,,,,,,
0.625,0.262,-0.087,0.625,0.209,0.017,0.625,0.157,-0.07,,,,,,,,,,,,,,,,,,,,,,,,,,,,,,
0.65,0.279,-0.07,0.65,0.227,0,0.65,0.192,-0.07,,,,,,,,,,,,,,,,,,,,,,,,,,,,,,
0.675,0.279,-0.052,0.675,0.244,0,0.675,0.227,-0.052,,,,,,,,,,,,,,,,,,,,,,,,,,,,,,
0.7,0.297,-0.052,0.7,0.262,0,0.7,0.262,-0.035,,,,,,,,,,,,,,,,,,,,,,,,,,,,,,
0.725,0.297,-0.035,0.725,0.279,-0.017,0.725,0.279,-0.017,,,,,,,,,,,,,,,,,,,,,,,,,,,,,,
0.75,0.297,-0.035,0.75,0.297,-0.017,0.75,0.314,0,,,,,,,,,,,,,,,,,,,,,,,,,,,,,,
0.775,0.297,-0.017,0.775,0.314,-0.017,0.775,0.314,0.035,,,,,,,,,,,,,,,,,,,,,,,,,,,,,,
0.8,0.297,-0.017,0.8,0.332,-0.017,0.8,0.332,0.052,,,,,,,,,,,,,,,,,,,,,,,,,,,,,,
0.825,0.297,-0.017,0.825,0.349,-0.017,0.825,0.332,0.087,,,,,,,,,,,,,,,,,,,,,,,,,,,,,,
0.85,0.297,-0.017,0.85,0.367,-0.017,0.85,0.332,0.105,,,,,,,,,,,,,,,,,,,,,,,,,,,,,,
0.875,0.297,-0.017,0.875,0.384,-0.017,0.875,0.332,0.122,,,,,,,,,,,,,,,,,,,,,,,,,,,,,,
0.9,0.297,-0.017,0.9,0.401,0,0.9,0.332,0.14,,,,,,,,,,,,,,,,,,,,,,,,,,,,,,
0.925,0.297,-0.017,0.925,0.401,0,0.925,0.314,0.157,,,,,,,,,,,,,,,,,,,,,,,,,,,,,,
0.95,0.297,-0.035,0.95,0.419,0.017,0.95,0.297,0.157,,,,,,,,,,,,,,,,,,,,,,,,,,,,,,
0.975,0.297,-0.035,0.975,0.436,0.017,0.975,0.279,0.157,,,,,,,,,,,,,,,,,,,,,,,,,,,,,,
1,0.314,-0.052,1,0.436,0.035,1,0.279,0.157,,,,,,,,,,,,,,,,,,,,,,,,,,,,,,
1.025,0.314,-0.07,1.025,0.436,0.035,1.025,0.262,0.157,,,,,,,,,,,,,,,,,,,,,,,,,,,,,,
1.05,0.332,-0.07,1.05,0.436,0.052,1.05,0.244,0.14,,,,,,,,,,,,,,,,,,,,,,,,,,,,,,
1.075,0.332,-0.087,1.075,0.454,0.052,1.075,0.244,0.122,,,,,,,,,,,,,,,,,,,,,,,,,,,,,,
1.1,0.349,-0.087,1.1,0.454,0.052,1.1,0.227,0.105,,,,,,,,,,,,,,,,,,,,,,,,,,,,,,
1.125,0.367,-0.105,1.125,0.454,0.052,1.125,0.227,0.087,,,,,,,,,,,,,,,,,,,,,,,,,,,,,,
1.15,0.384,-0.105,1.15,0.454,0.052,1.15,0.244,0.052,,,,,,,,,,,,,,,,,,,,,,,,,,,,,,
1.175,0.401,-0.122,1.175,0.454,0.052,1.175,0.244,0.035,,,,,,,,,,,,,,,,,,,,,,,,,,,,,,
1.2,0.419,-0.122,1.2,0.454,0.052,1.2,0.262,0,,,,,,,,,,,,,,,,,,,,,,,,,,,,,,
1.225,0.454,-0.122,1.225,0.454,0.052,1.225,0.279,-0.017,,,,,,,,,,,,,,,,,,,,,,,,,,,,,,
1.25,0.471,-0.122,1.25,0.454,0.035,1.25,0.297,-0.035,,,,,,,,,,,,,,,,,,,,,,,,,,,,,,
1.275,0.489,-0.122,1.275,0.454,0.035,1.275,0.332,-0.052,,,,,,,,,,,,,,,,,,,,,,,,,,,,,,
1.3,0.506,-0.122,1.3,0.471,0.017,1.3,0.367,-0.07,,,,,,,,,,,,,,,,,,,,,,,,,,,,,,
1.325,0.524,-0.105,1.325,0.471,0,1.325,0.401,-0.07,,,,,,,,,,,,,,,,,,,,,,,,,,,,,,
1.35,0.541,-0.105,1.35,0.489,0,1.35,0.436,-0.087,,,,,,,,,,,,,,,,,,,,,,,,,,,,,,
1.375,0.559,-0.087,1.375,0.506,0,1.375,0.471,-0.07,,,,,,,,,,,,,,,,,,,,,,,,,,,,,,
1.4,0.576,-0.087,1.4,0.524,-0.017,1.4,0.506,-0.07,,,,,,,,,,,,,,,,,,,,,,,,,,,,,,
1.425,0.576,-0.07,1.425,0.541,-0.017,1.425,0.541,-0.052,,,,,,,,,,,,,,,,,,,,,,,,,,,,,,
1.45,0.593,-0.07,1.45,0.559,-0.017,1.45,0.559,-0.035,,,,,,,,,,,,,,,,,,,,,,,,,,,,,,
1.475,0.593,-0.052,1.475,0.576,-0.035,1.475,0.593,-0.017,,,,,,,,,,,,,,,,,,,,,,,,,,,,,,
1.5,0.611,-0.052,1.5,0.593,-0.035,1.5,0.611,0,,,,,,,,,,,,,,,,,,,,,,,,,,,,,,
1.525,0.611,-0.035,1.525,0.611,-0.017,1.525,0.611,0.035,,,,,,,,,,,,,,,,,,,,,,,,,,,,,,
1.55,0.611,-0.035,1.55,0.628,-0.017,1.55,0.628,0.052,,,,,,,,,,,,,,,,,,,,,,,,,,,,,,
1.575,0.611,-0.035,1.575,0.646,-0.017,1.575,0.628,0.087,,,,,,,,,,,,,,,,,,,,,,,,,,,,,,
1.6,0.611,-0.017,1.6,0.663,0,1.6,0.628,0.105,,,,,,,,,,,,,,,,,,,,,,,,,,,,,,
1.625,0.611,-0.017,1.625,0.663,0,1.625,0.628,0.122,,,,,,,,,,,,,,,,,,,,,,,,,,,,,,
1.65,0.611,-0.035,1.65,0.681,0.017,1.65,0.611,0.14,,,,,,,,,,,,,,,,,,,,,,,,,,,,,,
1.675,0.611,-0.035,1.675,0.681,0.017,1.675,0.593,0.14,,,,,,,,,,,,,,,,,,,,,,,,,,,,,,
1.7,0.611,-0.035,1.7,0.698,0.035,1.7,0.593,0.157,,,,,,,,,,,,,,,,,,,,,,,,,,,,,,
1.725,0.611,-0.052,1.725,0.698,0.035,1.725,0.576,0.157,,,,,,,,,,,,,,,,,,,,,,,,,,,,,,
1.75,0.611,-0.052,1.75,0.698,0.035,1.75,0.559,0.14,,,,,,,,,,,,,,,,,,,,,,,,,,,,,,
1.775,0.628,-0.07,1.775,0.698,0.052,1.775,0.541,0.14,,,,,,,,,,,,,,,,,,,,,,,,,,,,,,
1.8,0.628,-0.07,1.8,0.698,0.052,1.8,0.541,0.122,,,,,,,,,,,,,,,,,,,,,,,,,,,,,,
1.825,0.646,-0.087,1.825,0.698,0.052,1.825,0.524,0.105,,,,,,,,,,,,,,,,,,,,,,,,,,,,,,
1.85,0.646,-0.105,1.85,0.698,0.052,1.85,0.524,0.087,,,,,,,,,,,,,,,,,,,,,,,,,,,,,,
1.875,0.663,-0.105,1.875,0.698,0.052,1.875,0.524,0.052,,,,,,,,,,,,,,,,,,,,,,,,,,,,,,
1.9,0.681,-0.122,1.9,0.698,0.035,1.9,0.541,0.035,,,,,,,,,,,,,,,,,,,,,,,,,,,,,,
1.925,0.698,-0.122,1.925,0.716,0.035,1.925,0.541,0.017,,,,,,,,,,,,,,,,,,,,,,,,,,,,,,
1.95,0.716,-0.122,1.95,0.716,0.035,1.95,0.559,-0.017,,,,,,,,,,,,,,,,,,,,,,,,,,,,,,
1.975,0.75,-0.14,1.975,0.716,0.017,1.975,0.593,-0.035,,,,,,,,,,,,,,,,,,,,,,,,,,,,,,
2,0.768,-0.14,2,0.733,0.017,2,0.611,-0.052,,,,,,,,,,,,,,,,,,,,,,,,,,,,,,
2.025,0.785,-0.14,2.025,0.733,0,2.025,0.646,-0.07,,,,,,,,,,,,,,,,,,,,,,,,,,,,,,
2.05,0.803,-0.14,2.05,0.75,-0.017,2.05,0.681,-0.087,,,,,,,,,,,,,,,,,,,,,,,,,,,,,,
2.075,0.82,-0.122,2.075,0.768,-0.017,2.075,0.716,-0.087,,,,,,,,,,,,,,,,,,,,,,,,,,,,,,
2.1,0.838,-0.122,2.1,0.785,-0.017,2.1,0.75,-0.087,,,,,,,,,,,,,,,,,,,,,,,,,,,,,,
2.125,0.855,-0.105,2.125,0.803,-0.035,2.125,0.768,-0.087,,,,,,,,,,,,,,,,,,,,,,,,,,,,,,
2.15,0.873,-0.105,2.15,0.82,-0.035,2.15,0.803,-0.07,,,,,,,,,,,,,,,,,,,,,,,,,,,,,,
2.175,0.89,-0.087,2.175,0.838,-0.035,2.175,0.838,-0.052,,,,,,,,,,,,,,,,,,,,,,,,,,,,,,
2.2,0.89,-0.087,2.2,0.855,-0.035,2.2,0.873,-0.035,,,,,,,,,,,,,,,,,,,,,,,,,,,,,,
2.225,0.908,-0.07,2.225,0.873,-0.035,2.225,0.89,-0.017,,,,,,,,,,,,,,,,,,,,,,,,,,,,,,
2.25,0.908,-0.07,2.25,0.89,-0.035,2.25,0.908,0,,,,,,,,,,,,,,,,,,,,,,,,,,,,,,
2.275,0.908,-0.052,2.275,0.908,-0.017,2.275,0.908,0.035,,,,,,,,,,,,,,,,,,,,,,,,,,,,,,
2.3,0.925,-0.052,2.3,0.908,-0.017,2.3,0.925,0.052,,,,,,,,,,,,,,,,,,,,,,,,,,,,,,
2.325,0.925,-0.035,2.325,0.925,0,2.325,0.925,0.07,,,,,,,,,,,,,,,,,,,,,,,,,,,,,,
2.35,0.925,-0.035,2.35,0.942,0,2.35,0.925,0.087,,,,,,,,,,,,,,,,,,,,,,,,,,,,,,
2.375,0.925,-0.035,2.375,0.942,0.017,2.375,0.908,0.105,,,,,,,,,,,,,,,,,,,,,,,,,,,,,,
2.4,0.925,-0.035,2.4,0.96,0.017,2.4,0.908,0.122,,,,,,,,,,,,,,,,,,,,,,,,,,,,,,
2.425,0.925,-0.035,2.425,0.96,0.035,2.425,0.89,0.122,,,,,,,,,,,,,,,,,,,,,,,,,,,,,,
2.45,0.925,-0.017,2.45,0.96,0.035,2.45,0.873,0.14,,,,,,,,,,,,,,,,,,,,,,,,,,,,,,
2.475,0.925,-0.017,2.475,0.96,0.035,2.475,0.873,0.14,,,,,,,,,,,,,,,,,,,,,,,,,,,,,,
2.5,0.925,-0.017,2.5,0.96,0.035,2.5,0.855,0.122,,,,,,,,,,,,,,,,,,,,,,,,,,,,,,
2.525,0.908,-0.017,2.525,0.96,0.052,2.525,0.838,0.122,,,,,,,,,,,,,,,,,,,,,,,,,,,,,,
2.55,0.908,-0.017,2.55,0.96,0.035,2.55,0.838,0.105,,,,,,,,,,,,,,,,,,,,,,,,,,,,,,
2.575,0.908,-0.017,2.575,0.96,0.035,2.575,0.82,0.087,,,,,,,,,,,,,,,,,,,,,,,,,,,,,,
2.6,0.908,-0.035,2.6,0.96,0.035,2.6,0.82,0.052,,,,,,,,,,,,,,,,,,,,,,,,,,,,,,
2.625,0.908,-0.035,2.625,0.96,0.035,2.625,0.838,0.035,,,,,,,,,,,,,,,,,,,,,,,,,,,,,,
2.65,0.908,-0.017,2.65,0.977,0.017,2.65,0.838,0.017,,,,,,,,,,,,,,,,,,,,,,,,,,,,,,
2.675,0.908,0,2.675,0.977,0.017,2.675,0.855,-0.017,,,,,,,,,,,,,,,,,,,,,,,,,,,,,,
2.7,0.908,0.017,2.7,0.995,0,2.7,0.873,-0.035,,,,,,,,,,,,,,,,,,,,,,,,,,,,,,
2.725,0.908,0.035,2.725,0.995,0,2.725,0.89,-0.052,,,,,,,,,,,,,,,,,,,,,,,,,,,,,,
2.75,0.89,0.052,2.75,1.012,-0.017,2.75,0.925,-0.07,,,,,,,,,,,,,,,,,,,,,,,,,,,,,,
2.775,0.873,0.07,2.775,1.03,-0.017,2.775,0.942,-0.087,,,,,,,,,,,,,,,,,,,,,,,,,,,,,,
2.8,0.855,0.087,2.8,1.047,-0.035,2.8,0.977,-0.087,,,,,,,,,,,,,,,,,,,,,,,,,,,,,,
2.825,0.838,0.105,2.825,1.065,-0.035,2.825,1.012,-0.105,,,,,,,,,,,,,,,,,,,,,,,,,,,,,,
2.85,0.82,0.105,2.85,1.082,-0.035,2.85,1.047,-0.105,,,,,,,,,,,,,,,,,,,,,,,,,,,,,,
2.875,0.785,0.105,2.875,1.1,-0.035,2.875,1.082,-0.087,,,,,,,,,,,,,,,,,,,,,,,,,,,,,,
2.9,0.768,0.087,2.9,1.117,-0.035,2.9,1.117,-0.087,,,,,,,,,,,,,,,,,,,,,,,,,,,,,,
2.925,0.75,0.07,2.925,1.134,-0.035,2.925,1.134,-0.07,,,,,,,,,,,,,,,,,,,,,,,,,,,,,,
2.95,0.733,0.052,2.95,1.152,-0.035,2.95,1.169,-0.052,,,,,,,,,,,,,,,,,,,,,,,,,,,,,,
2.975,0.733,0.035,2.975,1.169,-0.017,2.975,1.187,-0.017,,,,,,,,,,,,,,,,,,,,,,,,,,,,,,
3,0.733,0,3,1.169,-0.017,3,1.204,0,,,,,,,,,,,,,,,,,,,,,,,,,,,,,,
3.025,0.733,-0.035,3.025,1.187,-0.017,3.025,1.204,0.017,,,,,,,,,,,,,,,,,,,,,,,,,,,,,,
3.05,0.733,-0.07,3.05,1.204,0,3.05,1.204,0.035,,,,,,,,,,,,,,,,,,,,,,,,,,,,,,
3.075,0.75,-0.105,3.075,1.204,0,3.075,1.204,0.07,,,,,,,,,,,,,,,,,,,,,,,,,,,,,,
3.1,0.785,-0.122,3.1,1.204,0.017,3.1,1.204,0.087,,,,,,,,,,,,,,,,,,,,,,,,,,,,,,
3.125,0.803,-0.157,3.125,1.222,0.017,3.125,1.204,0.087,,,,,,,,,,,,,,,,,,,,,,,,,,,,,,
3.15,0.838,-0.175,3.15,1.222,0.035,3.15,1.187,0.105,,,,,,,,,,,,,,,,,,,,,,,,,,,,,,
3.175,0.873,-0.192,3.175,1.222,0.035,3.175,1.187,0.105,,,,,,,,,,,,,,,,,,,,,,,,,,,,,,
3.2,0.925,-0.209,3.2,1.222,0.035,3.2,1.169,0.122,,,,,,,,,,,,,,,,,,,,,,,,,,,,,,
3.225,0.96,-0.209,3.225,1.222,0.035,3.225,1.152,0.105,,,,,,,,,,,,,,,,,,,,,,,,,,,,,,
3.25,0.995,-0.209,3.25,1.222,0.035,3.25,1.152,0.105,,,,,,,,,,,,,,,,,,,,,,,,,,,,,,
3.275,1.047,-0.192,3.275,1.222,0.035,3.275,1.134,0.087,,,,,,,,,,,,,,,,,,,,,,,,,,,,,,
3.3,1.082,-0.192,3.3,1.222,0.035,3.3,1.134,0.07,,,,,,,,,,,,,,,,,,,,,,,,,,,,,,
3.325,1.117,-0.157,3.325,1.222,0.017,3.325,1.134,0.052,,,,,,,,,,,,,,,,,,,,,,,,,,,,,,
3.35,1.134,-0.14,3.35,1.239,0.017,3.35,1.134,0.035,,,,,,,,,,,,,,,,,,,,,,,,,,,,,,
3.375,1.169,-0.105,3.375,1.239,0,3.375,1.134,0.017,,,,,,,,,,,,,,,,,,,,,,,,,,,,,,
3.4,1.187,-0.07,3.4,1.257,0,3.4,1.134,-0.017,,,,,,,,,,,,,,,,,,,,,,,,,,,,,,
3.425,1.187,-0.052,3.425,1.257,-0.017,3.425,1.152,-0.035,,,,,,,,,,,,,,,,,,,,,,,,,,,,,,
3.45,1.204,-0.017,3.45,1.274,-0.017,3.45,1.169,-0.052,,,,,,,,,,,,,,,,,,,,,,,,,,,,,,
3.475,1.204,0.017,3.475,1.292,-0.035,3.475,1.204,-0.07,,,,,,,,,,,,,,,,,,,,,,,,,,,,,,
3.5,1.187,0.035,3.5,1.309,-0.035,3.5,1.222,-0.087,,,,,,,,,,,,,,,,,,,,,,,,,,,,,,
3.525,1.187,0.07,3.525,1.326,-0.035,3.525,1.257,-0.105,,,,,,,,,,,,,,,,,,,,,,,,,,,,,,
3.55,1.169,0.087,3.55,1.344,-0.052,3.55,1.292,-0.105,,,,,,,,,,,,,,,,,,,,,,,,,,,,,,
3.575,1.152,0.087,3.575,1.361,-0.052,3.575,1.326,-0.105,,,,,,,,,,,,,,,,,,,,,,,,,,,,,,
3.6,1.117,0.105,3.6,1.379,-0.052,3.6,1.361,-0.105,,,,,,,,,,,,,,,,,,,,,,,,,,,,,,
3.625,1.1,0.087,3.625,1.396,-0.035,3.625,1.379,-0.105,,,,,,,,,,,,,,,,,,,,,,,,,,,,,,
3.65,1.082,0.087,3.65,1.414,-0.035,3.65,1.414,-0.087,,,,,,,,,,,,,,,,,,,,,,,,,,,,,,
3.675,1.065,0.07,3.675,1.431,-0.035,3.675,1.449,-0.07,,,,,,,,,,,,,,,,,,,,,,,,,,,,,,
3.7,1.047,0.052,3.7,1.431,-0.017,3.7,1.466,-0.052,,,,,,,,,,,,,,,,,,,,,,,,,,,,,,
3.725,1.03,0.035,3.725,1.449,-0.017,3.725,1.484,-0.035,,,,,,,,,,,,,,,,,,,,,,,,,,,,,,
3.75,1.03,0,3.75,1.466,0,3.75,1.501,-0.017,,,,,,,,,,,,,,,,,,,,,,,,,,,,,,
3.775,1.03,-0.035,3.775,1.466,0,3.775,1.501,0.017,,,,,,,,,,,,,,,,,,,,,,,,,,,,,,
3.8,1.047,-0.07,3.8,1.466,0.017,3.8,1.501,0.035,,,,,,,,,,,,,,,,,,,,,,,,,,,,,,
3.825,1.047,-0.087,3.825,1.484,0.017,3.825,1.501,0.052,,,,,,,,,,,,,,,,,,,,,,,,,,,,,,
3.85,1.082,-0.122,3.85,1.484,0.017,3.85,1.501,0.07,,,,,,,,,,,,,,,,,,,,,,,,,,,,,,
3.875,1.1,-0.157,3.875,1.484,0.035,3.875,1.501,0.087,,,,,,,,,,,,,,,,,,,,,,,,,,,,,,
3.9,1.134,-0.175,3.9,1.484,0.035,3.9,1.484,0.087,,,,,,,,,,,,,,,,,,,,,,,,,,,,,,
3.925,1.169,-0.192,3.925,1.484,0.035,3.925,1.466,0.087,,,,,,,,,,,,,,,,,,,,,,,,,,,,,,
3.95,1.204,-0.209,3.95,1.484,0.035,3.95,1.466,0.087,,,,,,,,,,,,,,,,,,,,,,,,,,,,,,
3.975,1.239,-0.209,3.975,1.484,0.017,3.975,1.449,0.087,,,,,,,,,,,,,,,,,,,,,,,,,,,,,,
4,1.292,-0.209,4,1.484,0.017,4,1.449,0.087,,,,,,,,,,,,,,,,,,,,,,,,,,,,,,
4.025,1.326,-0.209,4.025,1.484,0.017,4.025,1.431,0.07,,,,,,,,,,,,,,,,,,,,,,,,,,,,,,
4.05,1.361,-0.192,4.05,1.501,0,4.05,1.431,0.052,,,,,,,,,,,,,,,,,,,,,,,,,,,,,,
4.075,1.396,-0.175,4.075,1.501,0,4.075,1.431,0.035,,,,,,,,,,,,,,,,,,,,,,,,,,,,,,
4.1,1.431,-0.157,4.1,1.518,-0.017,4.1,1.431,0.017,,,,,,,,,,,,,,,,,,,,,,,,,,,,,,
4.125,1.466,-0.122,4.125,1.518,-0.017,4.125,1.431,-0.017,,,,,,,,,,,,,,,,,,,,,,,,,,,,,,
4.15,1.484,-0.087,4.15,1.536,-0.035,4.15,1.449,-0.035,,,,,,,,,,,,,,,,,,,,,,,,,,,,,,
4.175,1.501,-0.07,4.175,1.553,-0.035,4.175,1.466,-0.052,,,,,,,,,,,,,,,,,,,,,,,,,,,,,,
4.2,1.501,-0.035,4.2,1.571,-0.035,4.2,1.484,-0.07,,,,,,,,,,,,,,,,,,,,,,,,,,,,,,
4.225,1.501,0,4.225,1.588,-0.052,4.225,1.501,-0.087,,,,,,,,,,,,,,,,,,,,,,,,,,,,,,
4.25,1.501,0.017,4.25,1.606,-0.052,4.25,1.536,-0.105,,,,,,,,,,,,,,,,,,,,,,,,,,,,,,
4.275,1.484,0.052,4.275,1.623,-0.052,4.275,1.553,-0.122,,,,,,,,,,,,,,,,,,,,,,,,,,,,,,
4.3,1.466,0.07,4.3,1.641,-0.052,4.3,1.588,-0.122,,,,,,,,,,,,,,,,,,,,,,,,,,,,,,
4.325,1.449,0.087,4.325,1.658,-0.035,4.325,1.623,-0.122,,,,,,,,,,,,,,,,,,,,,,,,,,,,,,
4.35,1.431,0.087,4.35,1.676,-0.035,4.35,1.658,-0.122,,,,,,,,,,,,,,,,,,,,,,,,,,,,,,
4.375,1.414,0.087,4.375,1.693,-0.035,4.375,1.693,-0.105,,,,,,,,,,,,,,,,,,,,,,,,,,,,,,
4.4,1.396,0.087,4.4,1.693,-0.017,4.4,1.71,-0.105,,,,,,,,,,,,,,,,,,,,,,,,,,,,,,
4.425,1.379,0.07,4.425,1.71,-0.017,4.425,1.745,-0.087,,,,,,,,,,,,,,,,,,,,,,,,,,,,,,
4.45,1.361,0.052,4.45,1.728,0,4.45,1.763,-0.07,,,,,,,,,,,,,,,,,,,,,,,,,,,,,,
4.475,1.344,0.035,4.475,1.728,0,4.475,1.78,-0.052,,,,,,,,,,,,,,,,,,,,,,,,,,,,,,
4.5,1.344,0,4.5,1.728,0.017,4.5,1.78,-0.017,,,,,,,,,,,,,,,,,,,,,,,,,,,,,,
4.525,1.344,-0.017,4.525,1.745,0.017,4.525,1.798,0,,,,,,,,,,,,,,,,,,,,,,,,,,,,,,
4.55,1.344,-0.052,4.55,1.745,0.017,4.55,1.798,0.017,,,,,,,,,,,,,,,,,,,,,,,,,,,,,,
4.575,1.361,-0.087,4.575,1.745,0.035,4.575,1.798,0.035,,,,,,,,,,,,,,,,,,,,,,,,,,,,,,
4.6,1.379,-0.122,4.6,1.745,0.035,4.6,1.798,0.052,,,,,,,,,,,,,,,,,,,,,,,,,,,,,,
4.625,1.396,-0.14,4.625,1.745,0.035,4.625,1.78,0.07,,,,,,,,,,,,,,,,,,,,,,,,,,,,,,
4.65,1.431,-0.175,4.65,1.745,0.035,4.65,1.78,0.07,,,,,,,,,,,,,,,,,,,,,,,,,,,,,,
4.675,1.466,-0.192,4.675,1.745,0.017,4.675,1.763,0.07,,,,,,,,,,,,,,,,,,,,,,,,,,,,,,
4.7,1.501,-0.209,4.7,1.745,0.017,4.7,1.763,0.07,,,,,,,,,,,,,,,,,,,,,,,,,,,,,,
4.725,1.536,-0.209,4.725,1.745,0.017,4.725,1.745,0.07,,,,,,,,,,,,,,,,,,,,,,,,,,,,,,
4.75,1.571,-0.209,4.75,1.763,0,4.75,1.728,0.052,,,,,,,,,,,,,,,,,,,,,,,,,,,,,,
4.775,1.623,-0.209,4.775,1.763,0,4.775,1.728,0.052,,,,,,,,,,,,,,,,,,,,,,,,,,,,,,
4.8,1.658,-0.209,4.8,1.78,-0.017,4.8,1.728,0.035,,,,,,,,,,,,,,,,,,,,,,,,,,,,,,
4.825,1.693,-0.192,4.825,1.78,-0.017,4.825,1.728,0.017,,,,,,,,,,,,,,,,,,,,,,,,,,,,,,
4.85,1.728,-0.157,4.85,1.798,-0.035,4.85,1.728,-0.017,,,,,,,,,,,,,,,,,,,,,,,,,,,,,,
4.875,1.745,-0.14,4.875,1.815,-0.035,4.875,1.728,-0.035,,,,,,,,,,,,,,,,,,,,,,,,,,,,,,
4.9,1.78,-0.105,4.9,1.833,-0.035,4.9,1.745,-0.052,,,,,,,,,,,,,,,,,,,,,,,,,,,,,,
4.925,1.798,-0.087,4.925,1.85,-0.052,4.925,1.763,-0.07,,,,,,,,,,,,,,,,,,,,,,,,,,,,,,
4.95,1.798,-0.052,4.95,1.868,-0.052,4.95,1.78,-0.087,,,,,,,,,,,,,,,,,,,,,,,,,,,,,,
4.975,1.798,-0.017,4.975,1.885,-0.052,4.975,1.798,-0.105,,,,,,,,,,,,,,,,,,,,,,,,,,,,,,
5,1.798,0,5,1.902,-0.052,5,1.833,-0.122,,,,,,,,,,,,,,,,,,,,,,,,,,,,,,
5.025,1.798,0.035,5.025,1.92,-0.035,5.025,1.868,-0.14,,,,,,,,,,,,,,,,,,,,,,,,,,,,,,
5.05,1.78,0.052,5.05,1.937,-0.035,5.05,1.885,-0.14,,,,,,,,,,,,,,,,,,,,,,,,,,,,,,
5.075,1.763,0.07,5.075,1.937,-0.035,5.075,1.92,-0.14,,,,,,,,,,,,,,,,,,,,,,,,,,,,,,
5.1,1.745,0.07,5.1,1.955,-0.017,5.1,1.955,-0.14,,,,,,,,,,,,,,,,,,,,,,,,,,,,,,
5.125,1.728,0.07,5.125,1.972,-0.017,5.125,1.99,-0.122,,,,,,,,,,,,,,,,,,,,,,,,,,,,,,
5.15,1.71,0.07,5.15,1.972,0,5.15,2.007,-0.105,,,,,,,,,,,,,,,,,,,,,,,,,,,,,,
5.175,1.693,0.07,5.175,1.99,0,5.175,2.042,-0.105,,,,,,,,,,,,,,,,,,,,,,,,,,,,,,
5.2,1.676,0.052,5.2,1.99,0.017,5.2,2.059,-0.07,,,,,,,,,,,,,,,,,,,,,,,,,,,,,,
5.225,1.658,0.035,5.225,1.99,0.017,5.225,2.077,-0.052,,,,,,,,,,,,,,,,,,,,,,,,,,,,,,
5.25,1.658,0.017,5.25,2.007,0.017,5.25,2.077,-0.035,,,,,,,,,,,,,,,,,,,,,,,,,,,,,,
5.275,1.658,-0.017,5.275,2.007,0.017,5.275,2.094,-0.017,,,,,,,,,,,,,,,,,,,,,,,,,,,,,,
5.3,1.658,-0.052,5.3,2.007,0.035,5.3,2.094,0,,,,,,,,,,,,,,,,,,,,,,,,,,,,,,
5.325,1.658,-0.07,5.325,2.007,0.035,5.325,2.094,0.017,,,,,,,,,,,,,,,,,,,,,,,,,,,,,,
5.35,1.676,-0.105,5.35,2.007,0.017,5.35,2.077,0.035,,,,,,,,,,,,,,,,,,,,,,,,,,,,,,
5.375,1.693,-0.14,5.375,2.007,0.017,5.375,2.077,0.035,,,,,,,,,,,,,,,,,,,,,,,,,,,,,,
5.4,1.728,-0.157,5.4,2.007,0.017,5.4,2.059,0.052,,,,,,,,,,,,,,,,,,,,,,,,,,,,,,
5.425,1.745,-0.175,5.425,2.007,0.017,5.425,2.059,0.052,,,,,,,,,,,,,,,,,,,,,,,,,,,,,,
5.45,1.78,-0.192,5.45,2.025,0,5.45,2.042,0.052,,,,,,,,,,,,,,,,,,,,,,,,,,,,,,
5.475,1.815,-0.209,5.475,2.025,0,5.475,2.042,0.035,,,,,,,,,,,,,,,,,,,,,,,,,,,,,,
5.5,1.868,-0.209,5.5,2.025,-0.017,5.5,2.025,0.035,,,,,,,,,,,,,,,,,,,,,,,,,,,,,,
5.525,1.902,-0.209,5.525,2.042,-0.017,5.525,2.025,0.017,,,,,,,,,,,,,,,,,,,,,,,,,,,,,,
5.55,1.937,-0.209,5.55,2.059,-0.035,5.55,2.025,0,,,,,,,,,,,,,,,,,,,,,,,,,,,,,,
5.575,1.972,-0.192,5.575,2.077,-0.035,5.575,2.025,-0.017,,,,,,,,,,,,,,,,,,,,,,,,,,,,,,
5.6,2.007,-0.175,5.6,2.094,-0.052,5.6,2.025,-0.035,,,,,,,,,,,,,,,,,,,,,,,,,,,,,,
5.625,2.042,-0.157,5.625,2.112,-0.052,5.625,2.025,-0.052,,,,,,,,,,,,,,,,,,,,,,,,,,,,,,
5.65,2.059,-0.14,5.65,2.112,-0.052,5.65,2.042,-0.07,,,,,,,,,,,,,,,,,,,,,,,,,,,,,,
5.675,2.077,-0.105,5.675,2.147,-0.052,5.675,2.059,-0.105,,,,,,,,,,,,,,,,,,,,,,,,,,,,,,
5.7,2.094,-0.07,5.7,2.164,-0.052,5.7,2.077,-0.122,,,,,,,,,,,,,,,,,,,,,,,,,,,,,,
5.725,2.112,-0.052,5.725,2.182,-0.052,5.725,2.112,-0.122,,,,,,,,,,,,,,,,,,,,,,,,,,,,,,
5.75,2.112,-0.017,5.75,2.182,-0.035,5.75,2.129,-0.14,,,,,,,,,,,,,,,,,,,,,,,,,,,,,,
5.775,2.112,0,5.775,2.199,-0.035,5.775,2.164,-0.157,,,,,,,,,,,,,,,,,,,,,,,,,,,,,,
5.8,2.094,0.035,5.8,2.217,-0.035,5.8,2.199,-0.157,,,,,,,,,,,,,,,,,,,,,,,,,,,,,,
5.825,2.077,0.052,5.825,2.234,-0.017,5.825,2.234,-0.157,,,,,,,,,,,,,,,,,,,,,,,,,,,,,,
5.85,2.059,0.052,5.85,2.234,-0.017,5.85,2.251,-0.14,,,,,,,,,,,,,,,,,,,,,,,,,,,,,,
5.875,2.042,0.07,5.875,2.251,0,5.875,2.286,-0.14,,,,,,,,,,,,,,,,,,,,,,,,,,,,,,
5.9,2.025,0.07,5.9,2.251,0,5.9,2.304,-0.122,,,,,,,,,,,,,,,,,,,,,,,,,,,,,,
5.925,2.007,0.07,5.925,2.251,0.017,5.925,2.339,-0.105,,,,,,,,,,,,,,,,,,,,,,,,,,,,,,
5.95,1.99,0.052,5.95,2.269,0.017,5.95,2.356,-0.087,,,,,,,,,,,,,,,,,,,,,,,,,,,,,,
5.975,1.972,0.035,5.975,2.269,0.017,5.975,2.356,-0.07,,,,,,,,,,,,,,,,,,,,,,,,,,,,,,
6,1.972,0.017,6,2.269,0.017,6,2.374,-0.052,,,,,,,,,,,,,,,,,,,,,,,,,,,,,,
6.025,1.955,-0.017,6.025,2.269,0.017,6.025,2.374,-0.035,,,,,,,,,,,,,,,,,,,,,,,,,,,,,,
6.05,1.955,-0.035,6.05,2.269,0.017,6.05,2.374,-0.017,,,,,,,,,,,,,,,,,,,,,,,,,,,,,,
6.075,1.972,-0.07,6.075,2.269,0.017,6.075,2.374,0,,,,,,,,,,,,,,,,,,,,,,,,,,,,,,
6.1,1.972,-0.105,6.1,2.269,0.017,6.1,2.374,0.017,,,,,,,,,,,,,,,,,,,,,,,,,,,,,,
6.125,1.99,-0.122,6.125,2.269,0,6.125,2.374,0.017,,,,,,,,,,,,,,,,,,,,,,,,,,,,,,
6.15,2.007,-0.157,6.15,2.286,0,6.15,2.356,0.017,,,,,,,,,,,,,,,,,,,,,,,,,,,,,,
6.175,2.042,-0.175,6.175,2.286,-0.017,6.175,2.356,0.017,,,,,,,,,,,,,,,,,,,,,,,,,,,,,,
6.2,2.077,-0.192,6.2,2.286,-0.017,6.2,2.339,0.017,,,,,,,,,,,,,,,,,,,,,,,,,,,,,,
6.225,2.112,-0.209,6.225,2.304,-0.035,6.225,2.339,0.017,,,,,,,,,,,,,,,,,,,,,,,,,,,,,,
6.25,2.147,-0.227,6.25,2.321,-0.035,6.25,2.321,0,,,,,,,,,,,,,,,,,,,,,,,,,,,,,,
6.275,2.182,-0.227,6.275,2.339,-0.052,6.275,2.321,0,,,,,,,,,,,,,,,,,,,,,,,,,,,,,,
6.3,2.234,-0.227,6.3,2.339,-0.052,6.3,2.321,-0.017,,,,,,,,,,,,,,,,,,,,,,,,,,,,,,
6.325,2.269,-0.209,6.325,2.356,-0.052,6.325,2.321,-0.035,,,,,,,,,,,,,,,,,,,,,,,,,,,,,,
6.35,2.304,-0.192,6.35,2.374,-0.052,6.35,2.321,-0.07,,,,,,,,,,,,,,,,,,,,,,,,,,,,,,
6.375,2.339,-0.175,6.375,2.391,-0.052,6.375,2.339,-0.087,,,,,,,,,,,,,,,,,,,,,,,,,,,,,,
6.4,2.356,-0.157,6.4,2.409,-0.052,6.4,2.339,-0.105,,,,,,,,,,,,,,,,,,,,,,,,,,,,,,
6.425,2.374,-0.122,6.425,2.426,-0.052,6.425,2.356,-0.122,,,,,,,,,,,,,,,,,,,,,,,,,,,,,,
6.45,2.391,-0.105,6.45,2.443,-0.052,6.45,2.391,-0.14,,,,,,,,,,,,,,,,,,,,,,,,,,,,,,
6.475,2.409,-0.07,6.475,2.461,-0.052,6.475,2.409,-0.157,,,,,,,,,,,,,,,,,,,,,,,,,,,,,,
6.5,2.409,-0.035,6.5,2.478,-0.035,6.5,2.443,-0.157,,,,,,,,,,,,,,,,,,,,,,,,,,,,,,
6.525,2.409,-0.017,6.525,2.496,-0.035,6.525,2.461,-0.175,,,,,,,,,,,,,,,,,,,,,,,,,,,,,,
6.55,2.409,0,6.55,2.496,-0.017,6.55,2.496,-0.175,,,,,,,,,,,,,,,,,,,,,,,,,,,,,,
6.575,2.391,0.035,6.575,2.513,-0.017,6.575,2.531,-0.175,,,,,,,,,,,,,,,,,,,,,,,,,,,,,,
6.6,2.391,0.052,6.6,2.513,0,6.6,2.548,-0.157,,,,,,,,,,,,,,,,,,,,,,,,,,,,,,
6.625,2.374,0.052,6.625,2.513,0,6.625,2.583,-0.157,,,,,,,,,,,,,,,,,,,,,,,,,,,,,,
6.65,2.356,0.052,6.65,2.513,0,6.65,2.601,-0.14,,,,,,,,,,,,,,,,,,,,,,,,,,,,,,
6.675,2.321,0.052,6.675,2.531,0,6.675,2.635,-0.122,,,,,,,,,,,,,,,,,,,,,,,,,,,,,,
6.7,2.304,0.052,6.7,2.531,0.017,6.7,2.635,-0.105,,,,,,,,,,,,,,,,,,,,,,,,,,,,,,
6.725,2.304,0.035,6.725,2.531,0.017,6.725,2.653,-0.087,,,,,,,,,,,,,,,,,,,,,,,,,,,,,,
6.75,2.286,0.017,6.75,2.531,0.017,6.75,2.67,-0.07,,,,,,,,,,,,,,,,,,,,,,,,,,,,,,
6.775,2.269,0,6.775,2.531,0,6.775,2.67,-0.052,,,,,,,,,,,,,,,,,,,,,,,,,,,,,,
6.8,2.269,-0.035,6.8,2.531,0,6.8,2.67,-0.035,,,,,,,,,,,,,,,,,,,,,,,,,,,,,,
6.825,2.269,-0.052,6.825,2.531,0,6.825,2.67,-0.035,,,,,,,,,,,,,,,,,,,,,,,,,,,,,,
6.85,2.286,-0.087,6.85,2.548,-0.017,6.85,2.67,-0.017,,,,,,,,,,,,,,,,,,,,,,,,,,,,,,
6.875,2.286,-0.122,6.875,2.548,-0.017,6.875,2.653,0,,,,,,,,,,,,,,,,,,,,,,,,,,,,,,
6.9,2.321,-0.14,6.9,2.548,-0.035,6.9,2.653,0,,,,,,,,,,,,,,,,,,,,,,,,,,,,,,
6.925,2.339,-0.175,6.925,2.566,-0.035,6.925,2.635,0,,,,,,,,,,,,,,,,,,,,,,,,,,,,,,
6.95,2.374,-0.192,6.95,2.583,-0.052,6.95,2.635,0,,,,,,,,,,,,,,,,,,,,,,,,,,,,,,
6.975,2.391,-0.209,6.975,2.601,-0.052,6.975,2.635,-0.017,,,,,,,,,,,,,,,,,,,,,,,,,,,,,,
7,2.426,-0.227,7,2.601,-0.07,7,2.618,-0.017,,,,,,,,,,,,,,,,,,,,,,,,,,,,,,
7.025,2.478,-0.227,7.025,2.618,-0.07,7.025,2.618,-0.035,,,,,,,,,,,,,,,,,,,,,,,,,,,,,,
7.05,2.513,-0.227,7.05,2.635,-0.07,7.05,2.618,-0.052,,,,,,,,,,,,,,,,,,,,,,,,,,,,,,
7.075,2.548,-0.227,7.075,2.653,-0.07,7.075,2.618,-0.07,,,,,,,,,,,,,,,,,,,,,,,,,,,,,,
7.1,2.583,-0.209,7.1,2.67,-0.07,7.1,2.618,-0.087,,,,,,,,,,,,,,,,,,,,,,,,,,,,,,
7.125,2.618,-0.192,7.125,2.688,-0.07,7.125,2.635,-0.105,,,,,,,,,,,,,,,,,,,,,,,,,,,,,,
7.15,2.653,-0.175,7.15,2.705,-0.07,7.15,2.653,-0.122,,,,,,,,,,,,,,,,,,,,,,,,,,,,,,
7.175,2.67,-0.157,7.175,2.723,-0.052,7.175,2.67,-0.14,,,,,,,,,,,,,,,,,,,,,,,,,,,,,,
7.2,2.688,-0.122,7.2,2.74,-0.052,7.2,2.688,-0.157,,,,,,,,,,,,,,,,,,,,,,,,,,,,,,
7.225,2.705,-0.105,7.225,2.758,-0.035,7.225,2.705,-0.175,,,,,,,,,,,,,,,,,,,,,,,,,,,,,,
7.25,2.723,-0.07,7.25,2.758,-0.035,7.25,2.74,-0.192,,,,,,,,,,,,,,,,,,,,,,,,,,,,,,
7.275,2.723,-0.035,7.275,2.775,-0.017,7.275,2.758,-0.192,,,,,,,,,,,,,,,,,,,,,,,,,,,,,,
7.3,2.723,-0.017,7.3,2.775,-0.017,7.3,2.793,-0.192,,,,,,,,,,,,,,,,,,,,,,,,,,,,,,
7.325,2.705,0,7.325,2.775,-0.017,7.325,2.827,-0.192,,,,,,,,,,,,,,,,,,,,,,,,,,,,,,
7.35,2.705,0.017,7.35,2.793,0,7.35,2.845,-0.192,,,,,,,,,,,,,,,,,,,,,,,,,,,,,,
7.375,2.688,0.035,7.375,2.793,0,7.375,2.88,-0.175,,,,,,,,,,,,,,,,,,,,,,,,,,,,,,
7.4,2.67,0.052,7.4,2.793,0,7.4,2.897,-0.157,,,,,,,,,,,,,,,,,,,,,,,,,,,,,,
7.425,2.653,0.052,7.425,2.793,0,7.425,2.915,-0.14,,,,,,,,,,,,,,,,,,,,,,,,,,,,,,
7.45,2.635,0.035,7.45,2.793,0,7.45,2.932,-0.14,,,,,,,,,,,,,,,,,,,,,,,,,,,,,,
7.475,2.618,0.035,7.475,2.793,0,7.475,2.95,-0.122,,,,,,,,,,,,,,,,,,,,,,,,,,,,,,
7.5,2.601,0.017,7.5,2.793,-0.017,7.5,2.95,-0.105,,,,,,,,,,,,,,,,,,,,,,,,,,,,,,
7.525,2.601,0,7.525,2.793,-0.017,7.525,2.967,-0.087,,,,,,,,,,,,,,,,,,,,,,,,,,,,,,
7.55,2.583,-0.017,7.55,2.81,-0.017,7.55,2.967,-0.07,,,,,,,,,,,,,,,,,,,,,,,,,,,,,,
7.575,2.583,-0.052,7.575,2.81,-0.035,7.575,2.967,-0.052,,,,,,,,,,,,,,,,,,,,,,,,,,,,,,
7.6,2.583,-0.07,7.6,2.81,-0.035,7.6,2.95,-0.035,,,,,,,,,,,,,,,,,,,,,,,,,,,,,,
7.625,2.601,-0.105,7.625,2.827,-0.052,7.625,2.95,-0.035,,,,,,,,,,,,,,,,,,,,,,,,,,,,,,
7.65,2.618,-0.14,7.65,2.845,-0.052,7.65,2.95,-0.035,,,,,,,,,,,,,,,,,,,,,,,,,,,,,,
7.675,2.635,-0.157,7.675,2.862,-0.07,7.675,2.932,-0.035,,,,,,,,,,,,,,,,,,,,,,,,,,,,,,
7.7,2.653,-0.175,7.7,2.862,-0.07,7.7,2.932,-0.035,,,,,,,,,,,,,,,,,,,,,,,,,,,,,,
7.725,2.688,-0.209,7.725,2.88,-0.07,7.725,2.915,-0.052,,,,,,,,,,,,,,,,,,,,,,,,,,,,,,
7.75,2.723,-0.227,7.75,2.897,-0.087,7.75,2.915,-0.052,,,,,,,,,,,,,,,,,,,,,,,,,,,,,,
7.775,2.758,-0.227,7.775,2.915,-0.087,7.775,2.915,-0.07,,,,,,,,,,,,,,,,,,,,,,,,,,,,,,
7.8,2.793,-0.227,7.8,2.932,-0.087,7.8,2.915,-0.087,,,,,,,,,,,,,,,,,,,,,,,,,,,,,,
7.825,2.827,-0.227,7.825,2.95,-0.07,7.825,2.915,-0.105,,,,,,,,,,,,,,,,,,,,,,,,,,,,,,
7.85,2.862,-0.227,7.85,2.967,-0.07,7.85,2.932,-0.122,,,,,,,,,,,,,,,,,,,,,,,,,,,,,,
7.875,2.897,-0.209,7.875,2.985,-0.07,7.875,2.932,-0.14,,,,,,,,,,,,,,,,,,,,,,,,,,,,,,
7.9,2.932,-0.192,7.9,3.002,-0.07,7.9,2.95,-0.157,,,,,,,,,,,,,,,,,,,,,,,,,,,,,,
7.925,2.967,-0.175,7.925,3.019,-0.052,7.925,2.967,-0.175,,,,,,,,,,,,,,,,,,,,,,,,,,,,,,
7.95,2.985,-0.157,7.95,3.019,-0.052,7.95,2.985,-0.192,,,,,,,,,,,,,,,,,,,,,,,,,,,,,,
7.975,3.002,-0.122,7.975,3.037,-0.035,7.975,3.019,-0.192,,,,,,,,,,,,,,,,,,,,,,,,,,,,,,
8,3.019,-0.105,8,3.037,-0.035,8,3.037,-0.209,,,,,,,,,,,,,,,,,,,,,,,,,,,,,,
8.025,3.019,-0.07,8.025,3.037,-0.017,8.025,3.072,-0.209,,,,,,,,,,,,,,,,,,,,,,,,,,,,,,
8.05,3.019,-0.052,8.05,3.054,-0.017,8.05,3.089,-0.209,,,,,,,,,,,,,,,,,,,,,,,,,,,,,,
8.075,3.019,-0.017,8.075,3.054,-0.017,8.075,3.124,-0.209,,,,,,,,,,,,,,,,,,,,,,,,,,,,,,
8.1,3.019,0,8.1,3.054,-0.017,8.1,3.142,-0.209,,,,,,,,,,,,,,,,,,,,,,,,,,,,,,
8.125,3.002,0.017,8.125,3.054,-0.017,8.125,3.176,-0.192,,,,,,,,,,,,,,,,,,,,,,,,,,,,,,
8.15,2.985,0.035,8.15,3.054,-0.017,8.15,3.194,-0.192,,,,,,,,,,,,,,,,,,,,,,,,,,,,,,
8.175,2.967,0.035,8.175,3.054,-0.017,8.175,3.211,-0.175,,,,,,,,,,,,,,,,,,,,,,,,,,,,,,
8.2,2.95,0.035,8.2,3.054,-0.017,8.2,3.229,-0.157,,,,,,,,,,,,,,,,,,,,,,,,,,,,,,
8.225,2.932,0.035,8.225,3.054,-0.035,8.225,3.246,-0.14,,,,,,,,,,,,,,,,,,,,,,,,,,,,,,
8.25,2.932,0.017,8.25,3.072,-0.035,8.25,3.246,-0.122,,,,,,,,,,,,,,,,,,,,,,,,,,,,,,
8.275,2.915,0,8.275,3.072,-0.035,8.275,3.246,-0.105,,,,,,,,,,,,,,,,,,,,,,,,,,,,,,
8.3,2.897,-0.017,8.3,3.089,-0.052,8.3,3.246,-0.087,,,,,,,,,,,,,,,,,,,,,,,,,,,,,,
8.325,2.897,-0.035,8.325,3.089,-0.052,8.325,3.246,-0.087,,,,,,,,,,,,,,,,,,,,,,,,,,,,,,
8.35,2.897,-0.07,8.35,3.107,-0.07,8.35,3.246,-0.07,,,,,,,,,,,,,,,,,,,,,,,,,,,,,,
8.375,2.897,-0.087,8.375,3.124,-0.07,8.375,3.246,-0.07,,,,,,,,,,,,,,,,,,,,,,,,,,,,,,
8.4,2.915,-0.122,8.4,3.124,-0.087,8.4,3.229,-0.07,,,,,,,,,,,,,,,,,,,,,,,,,,,,,,
8.425,2.932,-0.157,8.425,3.142,-0.087,8.425,3.229,-0.07,,,,,,,,,,,,,,,,,,,,,,,,,,,,,,
8.45,2.95,-0.175,8.45,3.159,-0.087,8.45,3.229,-0.07,,,,,,,,,,,,,,,,,,,,,,,,,,,,,,
8.475,2.985,-0.192,8.475,3.176,-0.087,8.475,3.211,-0.087,,,,,,,,,,,,,,,,,,,,,,,,,,,,,,
8.5,3.002,-0.209,8.5,3.194,-0.087,8.5,3.211,-0.087,,,,,,,,,,,,,,,,,,,,,,,,,,,,,,
8.525,3.037,-0.227,8.525,3.211,-0.087,8.525,3.211,-0.105,,,,,,,,,,,,,,,,,,,,,,,,,,,,,,
8.55,3.072,-0.244,8.55,3.229,-0.087,8.55,3.211,-0.122,,,,,,,,,,,,,,,,,,,,,,,,,,,,,,
8.575,3.107,-0.244,8.575,3.246,-0.087,8.575,3.211,-0.14,,,,,,,,,,,,,,,,,,,,,,,,,,,,,,
8.6,3.159,-0.244,8.6,3.264,-0.07,8.6,3.229,-0.157,,,,,,,,,,,,,,,,,,,,,,,,,,,,,,
8.625,3.194,-0.227,8.625,3.281,-0.07,8.625,3.229,-0.175,,,,,,,,,,,,,,,,,,,,,,,,,,,,,,
8.65,3.229,-0.227,8.65,3.281,-0.052,8.65,3.246,-0.192,,,,,,,,,,,,,,,,,,,,,,,,,,,,,,
8.675,3.246,-0.209,8.675,3.299,-0.052,8.675,3.264,-0.209,,,,,,,,,,,,,,,,,,,,,,,,,,,,,,
8.7,3.281,-0.175,8.7,3.299,-0.052,8.7,3.281,-0.209,,,,,,,,,,,,,,,,,,,,,,,,,,,,,,
8.725,3.299,-0.157,8.725,3.316,-0.035,8.725,3.316,-0.227,,,,,,,,,,,,,,,,,,,,,,,,,,,,,,
8.75,3.316,-0.122,8.75,3.316,-0.035,8.75,3.334,-0.227,,,,,,,,,,,,,,,,,,,,,,,,,,,,,,
8.775,3.334,-0.105,8.775,3.316,-0.035,8.775,3.368,-0.244,,,,,,,,,,,,,,,,,,,,,,,,,,,,,,
8.8,3.334,-0.07,8.8,3.316,-0.035,8.8,3.386,-0.244,,,,,,,,,,,,,,,,,,,,,,,,,,,,,,
8.825,3.334,-0.052,8.825,3.316,-0.017,8.825,3.421,-0.244,,,,,,,,,,,,,,,,,,,,,,,,,,,,,,
8.85,3.334,-0.035,8.85,3.316,-0.017,8.85,3.438,-0.227,,,,,,,,,,,,,,,,,,,,,,,,,,,,,,
8.875,3.316,-0.017,8.875,3.316,-0.035,8.875,3.473,-0.227,,,,,,,,,,,,,,,,,,,,,,,,,,,,,,
8.9,3.316,0,8.9,3.316,-0.035,8.9,3.491,-0.209,,,,,,,,,,,,,,,,,,,,,,,,,,,,,,
8.925,3.299,0.017,8.925,3.334,-0.035,8.925,3.508,-0.192,,,,,,,,,,,,,,,,,,,,,,,,,,,,,,
8.95,3.281,0.017,8.95,3.334,-0.052,8.95,3.526,-0.175,,,,,,,,,,,,,,,,,,,,,,,,,,,,,,
8.975,3.264,0.017,8.975,3.334,-0.052,8.975,3.526,-0.175,,,,,,,,,,,,,,,,,,,,,,,,,,,,,,
9,3.246,0.017,9,3.351,-0.052,9,3.543,-0.157,,,,,,,,,,,,,,,,,,,,,,,,,,,,,,
9.025,3.229,0,9.025,3.351,-0.07,9.025,3.543,-0.14,,,,,,,,,,,,,,,,,,,,,,,,,,,,,,
9.05,3.229,-0.017,9.05,3.368,-0.07,9.05,3.543,-0.122,,,,,,,,,,,,,,,,,,,,,,,,,,,,,,
9.075,3.211,-0.035,9.075,3.386,-0.087,9.075,3.543,-0.122,,,,,,,,,,,,,,,,,,,,,,,,,,,,,,
9.1,3.211,-0.052,9.1,3.386,-0.087,9.1,3.543,-0.105,,,,,,,,,,,,,,,,,,,,,,,,,,,,,,
9.125,3.211,-0.087,9.125,3.403,-0.087,9.125,3.526,-0.105,,,,,,,,,,,,,,,,,,,,,,,,,,,,,,
9.15,3.229,-0.105,9.15,3.421,-0.105,9.15,3.526,-0.105,,,,,,,,,,,,,,,,,,,,,,,,,,,,,,
9.175,3.229,-0.14,9.175,3.438,-0.105,9.175,3.526,-0.105,,,,,,,,,,,,,,,,,,,,,,,,,,,,,,
9.2,3.246,-0.157,9.2,3.456,-0.105,9.2,3.508,-0.105,,,,,,,,,,,,,,,,,,,,,,,,,,,,,,
9.225,3.264,-0.192,9.225,3.473,-0.105,9.225,3.508,-0.122,,,,,,,,,,,,,,,,,,,,,,,,,,,,,,
9.25,3.299,-0.209,9.25,3.491,-0.105,9.25,3.508,-0.122,,,,,,,,,,,,,,,,,,,,,,,,,,,,,,
9.275,3.334,-0.227,9.275,3.508,-0.087,9.275,3.508,-0.14,,,,,,,,,,,,,,,,,,,,,,,,,,,,,,
9.3,3.368,-0.244,9.3,3.526,-0.087,9.3,3.508,-0.157,,,,,,,,,,,,,,,,,,,,,,,,,,,,,,
9.325,3.403,-0.244,9.325,3.543,-0.087,9.325,3.508,-0.175,,,,,,,,,,,,,,,,,,,,,,,,,,,,,,
9.35,3.438,-0.244,9.35,3.543,-0.07,9.35,3.526,-0.192,,,,,,,,,,,,,,,,,,,,,,,,,,,,,,
9.375,3.473,-0.244,9.375,3.56,-0.07,9.375,3.526,-0.209,,,,,,,,,,,,,,,,,,,,,,,,,,,,,,
9.4,3.508,-0.244,9.4,3.56,-0.052,9.4,3.543,-0.227,,,,,,,,,,,,,,,,,,,,,,,,,,,,,,
9.425,3.543,-0.227,9.425,3.578,-0.052,9.425,3.56,-0.227,,,,,,,,,,,,,,,,,,,,,,,,,,,,,,
9.45,3.56,-0.209,9.45,3.578,-0.052,9.45,3.578,-0.244,,,,,,,,,,,,,,,,,,,,,,,,,,,,,,
9.475,3.595,-0.192,9.475,3.578,-0.035,9.475,3.613,-0.262,,,,,,,,,,,,,,,,,,,,,,,,,,,,,,
9.5,3.613,-0.157,9.5,3.578,-0.035,9.5,3.63,-0.262,,,,,,,,,,,,,,,,,,,,,,,,,,,,,,
9.525,3.63,-0.14,9.525,3.578,-0.035,9.525,3.665,-0.262,,,,,,,,,,,,,,,,,,,,,,,,,,,,,,
9.55,3.63,-0.122,9.55,3.578,-0.035,9.55,3.683,-0.262,,,,,,,,,,,,,,,,,,,,,,,,,,,,,,
9.575,3.648,-0.087,9.575,3.578,-0.035,9.575,3.718,-0.262,,,,,,,,,,,,,,,,,,,,,,,,,,,,,,
9.6,3.648,-0.07,9.6,3.595,-0.052,9.6,3.735,-0.262,,,,,,,,,,,,,,,,,,,,,,,,,,,,,,
9.625,3.648,-0.052,9.625,3.595,-0.052,9.625,3.77,-0.244,,,,,,,,,,,,,,,,,,,,,,,,,,,,,,
9.65,3.63,-0.035,9.65,3.595,-0.052,9.65,3.787,-0.244,,,,,,,,,,,,,,,,,,,,,,,,,,,,,,
9.675,3.613,-0.017,9.675,3.595,-0.07,9.675,3.805,-0.227,,,,,,,,,,,,,,,,,,,,,,,,,,,,,,
9.7,3.613,0,9.7,3.613,-0.07,9.7,3.805,-0.209,,,,,,,,,,,,,,,,,,,,,,,,,,,,,,
9.725,3.595,0,9.725,3.613,-0.087,9.725,3.822,-0.192,,,,,,,,,,,,,,,,,,,,,,,,,,,,,,
9.75,3.578,0,9.75,3.63,-0.087,9.75,3.822,-0.192,,,,,,,,,,,,,,,,,,,,,,,,,,,,,,
9.775,3.56,-0.017,9.775,3.648,-0.087,9.775,3.84,-0.175,,,,,,,,,,,,,,,,,,,,,,,,,,,,,,
9.8,3.543,-0.017,9.8,3.648,-0.105,9.8,3.84,-0.157,,,,,,,,,,,,,,,,,,,,,,,,,,,,,,
9.825,3.543,-0.035,9.825,3.665,-0.105,9.825,3.84,-0.157,,,,,,,,,,,,,,,,,,,,,,,,,,,,,,
9.85,3.543,-0.052,9.85,3.683,-0.105,9.85,3.822,-0.14,,,,,,,,,,,,,,,,,,,,,,,,,,,,,,
9.875,3.526,-0.087,9.875,3.7,-0.105,9.875,3.822,-0.14,,,,,,,,,,,,,,,,,,,,,,,,,,,,,,
9.9,3.543,-0.105,9.9,3.718,-0.122,9.9,3.822,-0.14,,,,,,,,,,,,,,,,,,,,,,,,,,,,,,
9.925,3.543,-0.14,9.925,3.735,-0.105,9.925,3.805,-0.14,,,,,,,,,,,,,,,,,,,,,,,,,,,,,,
9.95,3.56,-0.157,9.95,3.752,-0.105,9.95,3.805,-0.14,,,,,,,,,,,,,,,,,,,,,,,,,,,,,,
9.975,3.578,-0.175,9.975,3.77,-0.105,9.975,3.805,-0.157,,,,,,,,,,,,,,,,,,,,,,,,,,,,,,
10,3.595,-0.209,10,3.787,-0.105,10,3.805,-0.175,,,,,,,,,,,,,,,,,,,,,,,,,,,,,,
10.025,3.613,-0.227,10.025,3.805,-0.087,10.025,3.805,-0.175,,,,,,,,,,,,,,,,,,,,,,,,,,,,,,
10.05,3.648,-0.244,10.05,3.805,-0.087,10.05,3.805,-0.192,,,,,,,,,,,,,,,,,,,,,,,,,,,,,,
10.075,3.683,-0.262,10.075,3.822,-0.087,10.075,3.805,-0.209,,,,,,,,,,,,,,,,,,,,,,,,,,,,,,
10.1,3.718,-0.262,10.1,3.822,-0.07,10.1,3.822,-0.227,,,,,,,,,,,,,,,,,,,,,,,,,,,,,,
10.125,3.752,-0.262,10.125,3.84,-0.07,10.125,3.822,-0.244,,,,,,,,,,,,,,,,,,,,,,,,,,,,,,
10.15,3.787,-0.262,10.15,3.84,-0.07,10.15,3.84,-0.262,,,,,,,,,,,,,,,,,,,,,,,,,,,,,,
10.175,3.822,-0.244,10.175,3.84,-0.052,10.175,3.857,-0.262,,,,,,,,,,,,,,,,,,,,,,,,,,,,,,
10.2,3.857,-0.244,10.2,3.84,-0.052,10.2,3.892,-0.279,,,,,,,,,,,,,,,,,,,,,,,,,,,,,,
10.225,3.875,-0.227,10.225,3.84,-0.052,10.225,3.91,-0.297,,,,,,,,,,,,,,,,,,,,,,,,,,,,,,
10.25,3.91,-0.192,10.25,3.857,-0.052,10.25,3.927,-0.297,,,,,,,,,,,,,,,,,,,,,,,,,,,,,,
10.275,3.927,-0.175,10.275,3.857,-0.052,10.275,3.962,-0.297,,,,,,,,,,,,,,,,,,,,,,,,,,,,,,
10.3,3.944,-0.157,10.3,3.857,-0.052,10.3,3.979,-0.297,,,,,,,,,,,,,,,,,,,,,,,,,,,,,,
10.325,3.944,-0.122,10.325,3.857,-0.052,10.325,4.014,-0.297,,,,,,,,,,,,,,,,,,,,,,,,,,,,,,
10.35,3.962,-0.105,10.35,3.857,-0.07,10.35,4.032,-0.279,,,,,,,,,,,,,,,,,,,,,,,,,,,,,,
10.375,3.962,-0.087,10.375,3.875,-0.07,10.375,4.049,-0.279,,,,,,,,,,,,,,,,,,,,,,,,,,,,,,
10.4,3.944,-0.07,10.4,3.875,-0.087,10.4,4.067,-0.262,,,,,,,,,,,,,,,,,,,,,,,,,,,,,,
10.425,3.944,-0.052,10.425,3.875,-0.087,10.425,4.084,-0.262,,,,,,,,,,,,,,,,,,,,,,,,,,,,,,
10.45,3.927,-0.035,10.45,3.892,-0.105,10.45,4.102,-0.244,,,,,,,,,,,,,,,,,,,,,,,,,,,,,,
10.475,3.927,-0.035,10.475,3.91,-0.105,10.475,4.119,-0.227,,,,,,,,,,,,,,,,,,,,,,,,,,,,,,
10.5,3.91,-0.017,10.5,3.927,-0.105,10.5,4.119,-0.209,,,,,,,,,,,,,,,,,,,,,,,,,,,,,,
10.525,3.892,-0.017,10.525,3.927,-0.122,10.525,4.119,-0.209,,,,,,,,,,,,,,,,,,,,,,,,,,,,,,
10.55,3.875,-0.035,10.55,3.944,-0.122,10.55,4.119,-0.192,,,,,,,,,,,,,,,,,,,,,,,,,,,,,,
10.575,3.875,-0.052,10.575,3.962,-0.122,10.575,4.119,-0.192,,,,,,,,,,,,,,,,,,,,,,,,,,,,,,
10.6,3.857,-0.052,10.6,3.979,-0.122,10.6,4.119,-0.175,,,,,,,,,,,,,,,,,,,,,,,,,,,,,,
10.625,3.857,-0.087,10.625,3.997,-0.122,10.625,4.119,-0.175,,,,,,,,,,,,,,,,,,,,,,,,,,,,,,
10.65,3.857,-0.105,10.65,4.014,-0.122,10.65,4.102,-0.175,,,,,,,,,,,,,,,,,,,,,,,,,,,,,,
10.675,3.857,-0.122,10.675,4.032,-0.122,10.675,4.102,-0.175,,,,,,,,,,,,,,,,,,,,,,,,,,,,,,
10.7,3.857,-0.157,10.7,4.049,-0.122,10.7,4.102,-0.192,,,,,,,,,,,,,,,,,,,,,,,,,,,,,,
10.725,3.875,-0.175,10.725,4.067,-0.105,10.725,4.102,-0.192,,,,,,,,,,,,,,,,,,,,,,,,,,,,,,
10.75,3.892,-0.192,10.75,4.067,-0.105,10.75,4.102,-0.209,,,,,,,,,,,,,,,,,,,,,,,,,,,,,,
10.775,3.91,-0.227,10.775,4.084,-0.105,10.775,4.102,-0.227,,,,,,,,,,,,,,,,,,,,,,,,,,,,,,
10.8,3.944,-0.244,10.8,4.084,-0.087,10.8,4.102,-0.227,,,,,,,,,,,,,,,,,,,,,,,,,,,,,,
10.825,3.979,-0.262,10.825,4.102,-0.087,10.825,4.102,-0.244,,,,,,,,,,,,,,,,,,,,,,,,,,,,,,
10.85,3.997,-0.262,10.85,4.102,-0.07,10.85,4.119,-0.262,,,,,,,,,,,,,,,,,,,,,,,,,,,,,,
10.875,4.032,-0.279,10.875,4.102,-0.07,10.875,4.136,-0.279,,,,,,,,,,,,,,,,,,,,,,,,,,,,,,
10.9,4.067,-0.279,10.9,4.119,-0.07,10.9,4.136,-0.297,,,,,,,,,,,,,,,,,,,,,,,,,,,,,,
10.925,4.102,-0.279,10.925,4.119,-0.07,10.925,4.171,-0.297,,,,,,,,,,,,,,,,,,,,,,,,,,,,,,
10.95,4.136,-0.262,10.95,4.119,-0.07,10.95,4.189,-0.314,,,,,,,,,,,,,,,,,,,,,,,,,,,,,,
10.975,4.171,-0.244,10.975,4.119,-0.07,10.975,4.206,-0.314,,,,,,,,,,,,,,,,,,,,,,,,,,,,,,
11,4.206,-0.227,11,4.119,-0.07,11,4.224,-0.332,,,,,,,,,,,,,,,,,,,,,,,,,,,,,,
11.025,4.224,-0.209,11.025,4.119,-0.07,11.025,4.259,-0.332,,,,,,,,,,,,,,,,,,,,,,,,,,,,,,
11.05,4.241,-0.192,11.05,4.119,-0.07,11.05,4.276,-0.332,,,,,,,,,,,,,,,,,,,,,,,,,,,,,,
11.075,4.259,-0.175,11.075,4.136,-0.087,11.075,4.311,-0.314,,,,,,,,,,,,,,,,,,,,,,,,,,,,,,
11.1,4.259,-0.14,11.1,4.136,-0.087,11.1,4.328,-0.314,,,,,,,,,,,,,,,,,,,,,,,,,,,,,,
11.125,4.276,-0.122,11.125,4.154,-0.105,11.125,4.346,-0.314,,,,,,,,,,,,,,,,,,,,,,,,,,,,,,
11.15,4.276,-0.105,11.15,4.154,-0.105,11.15,4.363,-0.297,,,,,,,,,,,,,,,,,,,,,,,,,,,,,,
11.175,4.259,-0.087,11.175,4.171,-0.122,11.175,4.381,-0.279,,,,,,,,,,,,,,,,,,,,,,,,,,,,,,
11.2,4.259,-0.07,11.2,4.189,-0.122,11.2,4.398,-0.279,,,,,,,,,,,,,,,,,,,,,,,,,,,,,,
11.225,4.241,-0.052,11.225,4.189,-0.122,11.225,4.398,-0.262,,,,,,,,,,,,,,,,,,,,,,,,,,,,,,
11.25,4.241,-0.052,11.25,4.206,-0.14,11.25,4.398,-0.244,,,,,,,,,,,,,,,,,,,,,,,,,,,,,,
11.275,4.224,-0.052,11.275,4.224,-0.14,11.275,4.416,-0.244,,,,,,,,,,,,,,,,,,,,,,,,,,,,,,
11.3,4.206,-0.052,11.3,4.241,-0.14,11.3,4.416,-0.227,,,,,,,,,,,,,,,,,,,,,,,,,,,,,,
11.325,4.206,-0.052,11.325,4.259,-0.14,11.325,4.416,-0.227,,,,,,,,,,,,,,,,,,,,,,,,,,,,,,
11.35,4.189,-0.07,11.35,4.276,-0.14,11.35,4.416,-0.227,,,,,,,,,,,,,,,,,,,,,,,,,,,,,,
11.375,4.189,-0.087,11.375,4.294,-0.14,11.375,4.398,-0.227,,,,,,,,,,,,,,,,,,,,,,,,,,,,,,
11.4,4.171,-0.105,11.4,4.311,-0.122,11.4,4.398,-0.227,,,,,,,,,,,,,,,,,,,,,,,,,,,,,,
11.425,4.171,-0.122,11.425,4.328,-0.122,11.425,4.398,-0.227,,,,,,,,,,,,,,,,,,,,,,,,,,,,,,
11.45,4.171,-0.14,11.45,4.328,-0.122,11.45,4.398,-0.227,,,,,,,,,,,,,,,,,,,,,,,,,,,,,,
11.475,4.189,-0.175,11.475,4.346,-0.105,11.475,4.398,-0.244,,,,,,,,,,,,,,,,,,,,,,,,,,,,,,
11.5,4.206,-0.192,11.5,4.346,-0.105,11.5,4.398,-0.244,,,,,,,,,,,,,,,,,,,,,,,,,,,,,,
11.525,4.224,-0.209,11.525,4.363,-0.105,11.525,4.398,-0.262,,,,,,,,,,,,,,,,,,,,,,,,,,,,,,
11.55,4.241,-0.244,11.55,4.363,-0.087,11.55,4.398,-0.279,,,,,,,,,,,,,,,,,,,,,,,,,,,,,,
11.575,4.259,-0.262,11.575,4.363,-0.087,11.575,4.398,-0.279,,,,,,,,,,,,,,,,,,,,,,,,,,,,,,
11.6,4.294,-0.279,11.6,4.381,-0.087,11.6,4.416,-0.297,,,,,,,,,,,,,,,,,,,,,,,,,,,,,,
11.625,4.328,-0.279,11.625,4.381,-0.087,11.625,4.433,-0.314,,,,,,,,,,,,,,,,,,,,,,,,,,,,,,
11.65,4.363,-0.279,11.65,4.381,-0.087,11.65,4.451,-0.332,,,,,,,,,,,,,,,,,,,,,,,,,,,,,,
11.675,4.398,-0.297,11.675,4.381,-0.087,11.675,4.468,-0.332,,,,,,,,,,,,,,,,,,,,,,,,,,,,,,
11.7,4.433,-0.279,11.7,4.381,-0.087,11.7,4.485,-0.349,,,,,,,,,,,,,,,,,,,,,,,,,,,,,,
11.725,4.468,-0.279,11.725,4.381,-0.087,11.725,4.503,-0.349,,,,,,,,,,,,,,,,,,,,,,,,,,,,,,
11.75,4.485,-0.262,11.75,4.398,-0.087,11.75,4.52,-0.349,,,,,,,,,,,,,,,,,,,,,,,,,,,,,,
11.775,4.52,-0.244,11.775,4.398,-0.105,11.775,4.555,-0.349,,,,,,,,,,,,,,,,,,,,,,,,,,,,,,
11.8,4.538,-0.227,11.8,4.398,-0.105,11.8,4.573,-0.349,,,,,,,,,,,,,,,,,,,,,,,,,,,,,,
11.825,4.555,-0.209,11.825,4.416,-0.105,11.825,4.59,-0.349,,,,,,,,,,,,,,,,,,,,,,,,,,,,,,
11.85,4.573,-0.192,11.85,4.416,-0.122,11.85,4.625,-0.349,,,,,,,,,,,,,,,,,,,,,,,,,,,,,,
11.875,4.573,-0.157,11.875,4.433,-0.122,11.875,4.643,-0.332,,,,,,,,,,,,,,,,,,,,,,,,,,,,,,
11.9,4.59,-0.14,11.9,4.451,-0.14,11.9,4.66,-0.332,,,,,,,,,,,,,,,,,,,,,,,,,,,,,,
11.925,4.59,-0.122,11.925,4.451,-0.14,11.925,4.677,-0.314,,,,,,,,,,,,,,,,,,,,,,,,,,,,,,
11.95,4.59,-0.105,11.95,4.468,-0.14,11.95,4.677,-0.314,,,,,,,,,,,,,,,,,,,,,,,,,,,,,,
11.975,4.573,-0.087,11.975,4.485,-0.14,11.975,4.695,-0.297,,,,,,,,,,,,,,,,,,,,,,,,,,,,,,
12,4.573,-0.07,12,4.503,-0.157,12,4.695,-0.279,,,,,,,,,,,,,,,,,,,,,,,,,,,,,,
12.025,4.555,-0.07,12.025,4.52,-0.157,12.025,4.695,-0.279,,,,,,,,,,,,,,,,,,,,,,,,,,,,,,
12.05,4.538,-0.07,12.05,4.538,-0.157,12.05,4.695,-0.262,,,,,,,,,,,,,,,,,,,,,,,,,,,,,,
12.075,4.538,-0.07,12.075,4.555,-0.14,12.075,4.695,-0.262,,,,,,,,,,,,,,,,,,,,,,,,,,,,,,
12.1,4.52,-0.07,12.1,4.573,-0.14,12.1,4.695,-0.262,,,,,,,,,,,,,,,,,,,,,,,,,,,,,,
12.125,4.503,-0.087,12.125,4.59,-0.14,12.125,4.695,-0.262,,,,,,,,,,,,,,,,,,,,,,,,,,,,,,
12.15,4.503,-0.105,12.15,4.59,-0.14,12.15,4.695,-0.262,,,,,,,,,,,,,,,,,,,,,,,,,,,,,,
12.175,4.503,-0.122,12.175,4.608,-0.122,12.175,4.695,-0.262,,,,,,,,,,,,,,,,,,,,,,,,,,,,,,
12.2,4.503,-0.14,12.2,4.608,-0.122,12.2,4.695,-0.262,,,,,,,,,,,,,,,,,,,,,,,,,,,,,,
12.225,4.503,-0.157,12.225,4.625,-0.122,12.225,4.695,-0.279,,,,,,,,,,,,,,,,,,,,,,,,,,,,,,
12.25,4.503,-0.192,12.25,4.625,-0.105,12.25,4.695,-0.279,,,,,,,,,,,,,,,,,,,,,,,,,,,,,,
12.275,4.52,-0.209,12.275,4.643,-0.105,12.275,4.695,-0.297,,,,,,,,,,,,,,,,,,,,,,,,,,,,,,
12.3,4.538,-0.227,12.3,4.643,-0.105,12.3,4.695,-0.314,,,,,,,,,,,,,,,,,,,,,,,,,,,,,,
12.325,4.555,-0.262,12.325,4.643,-0.105,12.325,4.695,-0.332,,,,,,,,,,,,,,,,,,,,,,,,,,,,,,
12.35,4.59,-0.279,12.35,4.643,-0.087,12.35,4.712,-0.332,,,,,,,,,,,,,,,,,,,,,,,,,,,,,,
12.375,4.625,-0.279,12.375,4.643,-0.087,12.375,4.73,-0.349,,,,,,,,,,,,,,,,,,,,,,,,,,,,,,
12.4,4.643,-0.297,12.4,4.66,-0.087,12.4,4.747,-0.367,,,,,,,,,,,,,,,,,,,,,,,,,,,,,,
12.425,4.677,-0.297,12.425,4.66,-0.105,12.425,4.765,-0.367,,,,,,,,,,,,,,,,,,,,,,,,,,,,,,
12.45,4.712,-0.297,12.45,4.66,-0.105,12.45,4.782,-0.384,,,,,,,,,,,,,,,,,,,,,,,,,,,,,,
12.475,4.747,-0.297,12.475,4.66,-0.105,12.475,4.8,-0.384,,,,,,,,,,,,,,,,,,,,,,,,,,,,,,
12.5,4.782,-0.297,12.5,4.677,-0.122,12.5,4.817,-0.384,,,,,,,,,,,,,,,,,,,,,,,,,,,,,,
12.525,4.8,-0.279,12.525,4.677,-0.122,12.525,4.852,-0.384,,,,,,,,,,,,,,,,,,,,,,,,,,,,,,
12.55,4.835,-0.262,12.55,4.677,-0.122,12.55,4.869,-0.384,,,,,,,,,,,,,,,,,,,,,,,,,,,,,,
12.575,4.852,-0.244,12.575,4.695,-0.14,12.575,4.887,-0.384,,,,,,,,,,,,,,,,,,,,,,,,,,,,,,
12.6,4.869,-0.227,12.6,4.712,-0.14,12.6,4.904,-0.384,,,,,,,,,,,,,,,,,,,,,,,,,,,,,,
12.625,4.887,-0.209,12.625,4.712,-0.157,12.625,4.922,-0.367,,,,,,,,,,,,,,,,,,,,,,,,,,,,,,
12.65,4.904,-0.175,12.65,4.73,-0.157,12.65,4.939,-0.367,,,,,,,,,,,,,,,,,,,,,,,,,,,,,,
12.675,4.904,-0.157,12.675,4.747,-0.157,12.675,4.957,-0.349,,,,,,,,,,,,,,,,,,,,,,,,,,,,,,
12.7,4.904,-0.14,12.7,4.765,-0.157,12.7,4.957,-0.349,,,,,,,,,,,,,,,,,,,,,,,,,,,,,,
12.725,4.904,-0.122,12.725,4.782,-0.157,12.725,4.974,-0.332,,,,,,,,,,,,,,,,,,,,,,,,,,,,,,
12.75,4.904,-0.105,12.75,4.8,-0.157,12.75,4.974,-0.332,,,,,,,,,,,,,,,,,,,,,,,,,,,,,,
12.775,4.887,-0.105,12.775,4.817,-0.157,12.775,4.974,-0.314,,,,,,,,,,,,,,,,,,,,,,,,,,,,,,
12.8,4.869,-0.087,12.8,4.835,-0.157,12.8,4.974,-0.314,,,,,,,,,,,,,,,,,,,,,,,,,,,,,,
12.825,4.869,-0.087,12.825,4.852,-0.157,12.825,4.974,-0.314,,,,,,,,,,,,,,,,,,,,,,,,,,,,,,
12.85,4.852,-0.087,12.85,4.852,-0.157,12.85,4.974,-0.314,,,,,,,,,,,,,,,,,,,,,,,,,,,,,,
12.875,4.852,-0.105,12.875,4.869,-0.14,12.875,4.974,-0.297,,,,,,,,,,,,,,,,,,,,,,,,,,,,,,
12.9,4.835,-0.105,12.9,4.887,-0.14,12.9,4.974,-0.314,,,,,,,,,,,,,,,,,,,,,,,,,,,,,,
12.925,4.835,-0.122,12.925,4.887,-0.122,12.925,4.974,-0.314,,,,,,,,,,,,,,,,,,,,,,,,,,,,,,
12.95,4.817,-0.14,12.95,4.904,-0.122,12.95,4.974,-0.314,,,,,,,,,,,,,,,,,,,,,,,,,,,,,,
12.975,4.817,-0.157,12.975,4.904,-0.122,12.975,4.974,-0.332,,,,,,,,,,,,,,,,,,,,,,,,,,,,,,
13,4.835,-0.175,13,4.904,-0.122,13,4.974,-0.332,,,,,,,,,,,,,,,,,,,,,,,,,,,,,,
13.025,4.835,-0.209,13.025,4.904,-0.105,13.025,4.974,-0.349,,,,,,,,,,,,,,,,,,,,,,,,,,,,,,
13.05,4.852,-0.227,13.05,4.922,-0.105,13.05,4.992,-0.367,,,,,,,,,,,,,,,,,,,,,,,,,,,,,,
13.075,4.869,-0.244,13.075,4.922,-0.105,13.075,4.992,-0.367,,,,,,,,,,,,,,,,,,,,,,,,,,,,,,
13.1,4.887,-0.279,13.1,4.922,-0.105,13.1,5.009,-0.384,,,,,,,,,,,,,,,,,,,,,,,,,,,,,,
13.125,4.904,-0.297,13.125,4.922,-0.105,13.125,5.027,-0.384,,,,,,,,,,,,,,,,,,,,,,,,,,,,,,
13.15,4.939,-0.297,13.15,4.922,-0.105,13.15,5.027,-0.401,,,,,,,,,,,,,,,,,,,,,,,,,,,,,,
13.175,4.974,-0.314,13.175,4.922,-0.122,13.175,5.061,-0.419,,,,,,,,,,,,,,,,,,,,,,,,,,,,,,
13.2,5.009,-0.314,13.2,4.939,-0.122,13.2,5.079,-0.419,,,,,,,,,,,,,,,,,,,,,,,,,,,,,,
13.225,5.027,-0.314,13.225,4.939,-0.122,13.225,5.096,-0.419,,,,,,,,,,,,,,,,,,,,,,,,,,,,,,
13.25,5.061,-0.314,13.25,4.957,-0.14,13.25,5.114,-0.419,,,,,,,,,,,,,,,,,,,,,,,,,,,,,,
13.275,5.096,-0.314,13.275,4.957,-0.14,13.275,5.131,-0.419,,,,,,,,,,,,,,,,,,,,,,,,,,,,,,
13.3,5.131,-0.297,13.3,4.974,-0.157,13.3,5.149,-0.401,,,,,,,,,,,,,,,,,,,,,,,,,,,,,,
13.325,5.149,-0.279,13.325,4.992,-0.157,13.325,5.166,-0.401,,,,,,,,,,,,,,,,,,,,,,,,,,,,,,
13.35,5.166,-0.262,13.35,4.992,-0.157,13.35,5.184,-0.401,,,,,,,,,,,,,,,,,,,,,,,,,,,,,,
13.375,5.184,-0.244,13.375,5.009,-0.175,13.375,5.201,-0.384,,,,,,,,,,,,,,,,,,,,,,,,,,,,,,
13.4,5.201,-0.227,13.4,5.027,-0.175,13.4,5.201,-0.384,,,,,,,,,,,,,,,,,,,,,,,,,,,,,,
13.425,5.201,-0.209,13.425,5.044,-0.175,13.425,5.219,-0.367,,,,,,,,,,,,,,,,,,,,,,,,,,,,,,
13.45,5.201,-0.192,13.45,5.061,-0.175,13.45,5.219,-0.367,,,,,,,,,,,,,,,,,,,,,,,,,,,,,,
13.475,5.201,-0.175,13.475,5.079,-0.175,13.475,5.219,-0.349,,,,,,,,,,,,,,,,,,,,,,,,,,,,,,
13.5,5.201,-0.157,13.5,5.096,-0.175,13.5,5.219,-0.349,,,,,,,,,,,,,,,,,,,,,,,,,,,,,,
13.525,5.201,-0.157,13.525,5.114,-0.175,13.525,5.219,-0.349,,,,,,,,,,,,,,,,,,,,,,,,,,,,,,
13.55,5.184,-0.157,13.55,5.114,-0.157,13.55,5.219,-0.349,,,,,,,,,,,,,,,,,,,,,,,,,,,,,,
13.575,5.166,-0.157,13.575,5.131,-0.157,13.575,5.219,-0.349,,,,,,,,,,,,,,,,,,,,,,,,,,,,,,
13.6,5.166,-0.157,13.6,5.149,-0.157,13.6,5.219,-0.349,,,,,,,,,,,,,,,,,,,,,,,,,,,,,,
13.625,5.166,-0.157,13.625,5.149,-0.14,13.625,5.219,-0.349,,,,,,,,,,,,,,,,,,,,,,,,,,,,,,
13.65,5.149,-0.175,13.65,5.166,-0.14,13.65,5.219,-0.349,,,,,,,,,,,,,,,,,,,,,,,,,,,,,,
13.675,5.149,-0.192,13.675,5.166,-0.14,13.675,5.219,-0.367,,,,,,,,,,,,,,,,,,,,,,,,,,,,,,
13.7,5.149,-0.209,13.7,5.166,-0.122,13.7,5.219,-0.367,,,,,,,,,,,,,,,,,,,,,,,,,,,,,,
13.725,5.149,-0.227,13.725,5.184,-0.122,13.725,5.219,-0.384,,,,,,,,,,,,,,,,,,,,,,,,,,,,,,
13.75,5.149,-0.244,13.75,5.184,-0.122,13.75,5.236,-0.384,,,,,,,,,,,,,,,,,,,,,,,,,,,,,,
13.775,5.166,-0.262,13.775,5.184,-0.122,13.775,5.236,-0.401,,,,,,,,,,,,,,,,,,,,,,,,,,,,,,
13.8,5.184,-0.279,13.8,5.184,-0.122,13.8,5.253,-0.419,,,,,,,,,,,,,,,,,,,,,,,,,,,,,,
13.825,5.201,-0.297,13.825,5.184,-0.122,13.825,5.271,-0.419,,,,,,,,,,,,,,,,,,,,,,,,,,,,,,
13.85,5.219,-0.314,13.85,5.201,-0.122,13.85,5.271,-0.419,,,,,,,,,,,,,,,,,,,,,,,,,,,,,,
13.875,5.236,-0.332,13.875,5.201,-0.122,13.875,5.288,-0.436,,,,,,,,,,,,,,,,,,,,,,,,,,,,,,
13.9,5.271,-0.349,13.9,5.201,-0.14,13.9,5.306,-0.436,,,,,,,,,,,,,,,,,,,,,,,,,,,,,,
13.925,5.288,-0.349,13.925,5.201,-0.14,13.925,5.323,-0.436,,,,,,,,,,,,,,,,,,,,,,,,,,,,,,
13.95,5.323,-0.367,13.95,5.219,-0.14,13.95,5.341,-0.419,,,,,,,,,,,,,,,,,,,,,,,,,,,,,,
13.975,5.358,-0.367,13.975,5.219,-0.157,13.975,5.358,-0.419,,,,,,,,,,,,,,,,,,,,,,,,,,,,,,
14,5.376,-0.349,14,5.236,-0.157,14,5.358,-0.419,,,,,,,,,,,,,,,,,,,,,,,,,,,,,,
14.025,5.411,-0.349,14.025,5.253,-0.175,14.025,5.376,-0.401,,,,,,,,,,,,,,,,,,,,,,,,,,,,,,
14.05,5.428,-0.332,14.05,5.253,-0.175,14.05,5.376,-0.401,,,,,,,,,,,,,,,,,,,,,,,,,,,,,,
14.075,5.463,-0.314,14.075,5.271,-0.175,14.075,5.376,-0.384,,,,,,,,,,,,,,,,,,,,,,,,,,,,,,
14.1,5.48,-0.314,14.1,5.288,-0.175,14.1,5.393,-0.384,,,,,,,,,,,,,,,,,,,,,,,,,,,,,,
14.125,5.498,-0.297,14.125,5.306,-0.192,14.125,5.393,-0.384,,,,,,,,,,,,,,,,,,,,,,,,,,,,,,
14.15,5.515,-0.262,14.15,5.323,-0.192,14.15,5.393,-0.384,,,,,,,,,,,,,,,,,,,,,,,,,,,,,,
14.175,5.515,-0.244,14.175,5.341,-0.192,14.175,5.393,-0.384,,,,,,,,,,,,,,,,,,,,,,,,,,,,,,
14.2,5.515,-0.227,14.2,5.358,-0.192,14.2,5.393,-0.384,,,,,,,,,,,,,,,,,,,,,,,,,,,,,,
14.225,5.515,-0.209,14.225,5.376,-0.175,14.225,5.393,-0.384,,,,,,,,,,,,,,,,,,,,,,,,,,,,,,
14.25,5.515,-0.209,14.25,5.376,-0.175,14.25,5.393,-0.384,,,,,,,,,,,,,,,,,,,,,,,,,,,,,,
14.275,5.515,-0.192,14.275,5.393,-0.175,14.275,5.393,-0.401,,,,,,,,,,,,,,,,,,,,,,,,,,,,,,
14.3,5.515,-0.192,14.3,5.411,-0.175,14.3,5.393,-0.401,,,,,,,,,,,,,,,,,,,,,,,,,,,,,,
14.325,5.498,-0.175,14.325,5.411,-0.157,14.325,5.393,-0.419,,,,,,,,,,,,,,,,,,,,,,,,,,,,,,
14.35,5.498,-0.175,14.35,5.428,-0.157,14.35,5.411,-0.419,,,,,,,,,,,,,,,,,,,,,,,,,,,,,,
14.375,5.48,-0.192,14.375,5.428,-0.157,14.375,5.411,-0.436,,,,,,,,,,,,,,,,,,,,,,,,,,,,,,
14.4,5.48,-0.192,14.4,5.445,-0.14,14.4,5.428,-0.436,,,,,,,,,,,,,,,,,,,,,,,,,,,,,,
14.425,5.48,-0.192,14.425,5.445,-0.14,14.425,5.445,-0.436,,,,,,,,,,,,,,,,,,,,,,,,,,,,,,
14.45,5.463,-0.209,14.45,5.445,-0.14,14.45,5.445,-0.436,,,,,,,,,,,,,,,,,,,,,,,,,,,,,,
14.475,5.463,-0.227,14.475,5.445,-0.14,14.475,5.463,-0.436,,,,,,,,,,,,,,,,,,,,,,,,,,,,,,
14.5,5.463,-0.244,14.5,5.463,-0.14,14.5,5.463,-0.436,,,,,,,,,,,,,,,,,,,,,,,,,,,,,,
14.525,5.48,-0.262,14.525,5.463,-0.14,14.525,5.48,-0.436,,,,,,,,,,,,,,,,,,,,,,,,,,,,,,
14.55,5.48,-0.279,14.55,5.463,-0.14,14.55,5.48,-0.419,,,,,,,,,,,,,,,,,,,,,,,,,,,,,,
14.575,5.498,-0.314,14.575,5.463,-0.14,14.575,5.48,-0.419,,,,,,,,,,,,,,,,,,,,,,,,,,,,,,
14.6,5.515,-0.332,14.6,5.463,-0.14,14.6,5.48,-0.419,,,,,,,,,,,,,,,,,,,,,,,,,,,,,,
14.625,5.533,-0.349,14.625,5.48,-0.157,14.625,5.48,-0.419,,,,,,,,,,,,,,,,,,,,,,,,,,,,,,
14.65,5.568,-0.349,14.65,5.48,-0.157,14.65,5.48,-0.419,,,,,,,,,,,,,,,,,,,,,,,,,,,,,,
14.675,5.585,-0.367,14.675,5.498,-0.157,14.675,5.48,-0.419,,,,,,,,,,,,,,,,,,,,,,,,,,,,,,
14.7,5.62,-0.367,14.7,5.498,-0.175,14.7,5.498,-0.419,,,,,,,,,,,,,,,,,,,,,,,,,,,,,,
14.725,5.637,-0.384,14.725,5.515,-0.175,14.725,5.498,-0.419,,,,,,,,,,,,,,,,,,,,,,,,,,,,,,
14.75,5.672,-0.384,14.75,5.533,-0.192,14.75,5.498,-0.436,,,,,,,,,,,,,,,,,,,,,,,,,,,,,,
14.775,5.707,-0.384,14.775,5.533,-0.192,14.775,5.498,-0.436,,,,,,,,,,,,,,,,,,,,,,,,,,,,,,
14.8,5.725,-0.367,14.8,5.55,-0.192,14.8,5.498,-0.436,,,,,,,,,,,,,,,,,,,,,,,,,,,,,,
14.825,5.76,-0.367,14.825,5.568,-0.192,14.825,5.498,-0.436,,,,,,,,,,,,,,,,,,,,,,,,,,,,,,
14.85,5.777,-0.349,14.85,5.585,-0.192,14.85,5.498,-0.436,,,,,,,,,,,,,,,,,,,,,,,,,,,,,,
14.875,5.794,-0.332,14.875,5.603,-0.192,14.875,5.498,-0.436,,,,,,,,,,,,,,,,,,,,,,,,,,,,,,
14.9,5.812,-0.314,14.9,5.62,-0.192,14.9,5.498,-0.436,,,,,,,,,,,,,,,,,,,,,,,,,,,,,,
14.925,5.829,-0.297,14.925,5.637,-0.192,14.925,5.515,-0.436,,,,,,,,,,,,,,,,,,,,,,,,,,,,,,
14.95,5.829,-0.279,14.95,5.655,-0.192,14.95,5.515,-0.436,,,,,,,,,,,,,,,,,,,,,,,,,,,,,,
14.975,5.829,-0.262,14.975,5.655,-0.192,14.975,5.515,-0.436,,,,,,,,,,,,,,,,,,,,,,,,,,,,,,
15,5.829,-0.244,15,5.672,-0.175,15,5.498,-0.436,,,,,,,,,,,,,,,,,,,,,,,,,,,,,,
15.025,5.829,-0.227,15.025,5.69,-0.175,15.025,5.498,-0.436,,,,,,,,,,,,,,,,,,,,,,,,,,,,,,
15.05,5.829,-0.227,15.05,5.69,-0.175,15.05,5.498,-0.436,,,,,,,,,,,,,,,,,,,,,,,,,,,,,,
15.075,5.829,-0.209,15.075,5.707,-0.157,15.075,5.498,-0.436,,,,,,,,,,,,,,,,,,,,,,,,,,,,,,
15.1,5.812,-0.209,15.1,5.707,-0.157,15.1,5.498,-0.436,,,,,,,,,,,,,,,,,,,,,,,,,,,,,,
15.125,5.812,-0.209,15.125,5.707,-0.157,15.125,5.498,-0.436,,,,,,,,,,,,,,,,,,,,,,,,,,,,,,
15.15,5.812,-0.209,15.15,5.725,-0.157,15.15,5.498,-0.436,,,,,,,,,,,,,,,,,,,,,,,,,,,,,,
15.175,5.794,-0.227,15.175,5.725,-0.157,15.175,5.498,-0.436,,,,,,,,,,,,,,,,,,,,,,,,,,,,,,
15.2,5.794,-0.227,15.2,5.725,-0.14,15.2,5.498,-0.436,,,,,,,,,,,,,,,,,,,,,,,,,,,,,,
15.225,5.794,-0.244,15.225,5.725,-0.14,15.225,5.498,-0.436,,,,,,,,,,,,,,,,,,,,,,,,,,,,,,
15.25,5.794,-0.262,15.25,5.725,-0.157,15.25,5.48,-0.436,,,,,,,,,,,,,,,,,,,,,,,,,,,,,,
15.275,5.794,-0.279,15.275,5.742,-0.157,15.275,5.48,-0.436,,,,,,,,,,,,,,,,,,,,,,,,,,,,,,
15.3,5.794,-0.297,15.3,5.742,-0.157,15.3,5.48,-0.436,,,,,,,,,,,,,,,,,,,,,,,,,,,,,,
15.325,5.812,-0.314,15.325,5.742,-0.157,15.325,5.48,-0.436,,,,,,,,,,,,,,,,,,,,,,,,,,,,,,
15.35,5.829,-0.332,15.35,5.76,-0.175,15.35,5.48,-0.436,,,,,,,,,,,,,,,,,,,,,,,,,,,,,,
15.375,5.847,-0.349,15.375,5.76,-0.175,15.375,5.463,-0.436,,,,,,,,,,,,,,,,,,,,,,,,,,,,,,
15.4,5.864,-0.367,15.4,5.777,-0.175,15.4,5.463,-0.436,,,,,,,,,,,,,,,,,,,,,,,,,,,,,,
15.425,5.882,-0.367,15.425,5.777,-0.192,15.425,5.463,-0.436,,,,,,,,,,,,,,,,,,,,,,,,,,,,,,
15.45,5.899,-0.384,15.45,5.794,-0.192,15.45,5.463,-0.436,,,,,,,,,,,,,,,,,,,,,,,,,,,,,,
15.475,5.934,-0.384,15.475,5.812,-0.192,15.475,5.445,-0.436,,,,,,,,,,,,,,,,,,,,,,,,,,,,,,
15.5,5.952,-0.401,15.5,5.812,-0.209,15.5,5.445,-0.436,,,,,,,,,,,,,,,,,,,,,,,,,,,,,,
15.525,5.986,-0.401,15.525,5.829,-0.209,15.525,5.445,-0.436,,,,,,,,,,,,,,,,,,,,,,,,,,,,,,
15.55,6.021,-0.401,15.55,5.847,-0.209,15.55,5.428,-0.436,,,,,,,,,,,,,,,,,,,,,,,,,,,,,,
15.575,6.039,-0.384,15.575,5.864,-0.209,15.575,5.428,-0.436,,,,,,,,,,,,,,,,,,,,,,,,,,,,,,
15.6,6.074,-0.384,15.6,5.882,-0.209,15.6,5.428,-0.436,,,,,,,,,,,,,,,,,,,,,,,,,,,,,,
15.625,6.091,-0.367,15.625,5.899,-0.209,15.625,5.411,-0.436,,,,,,,,,,,,,,,,,,,,,,,,,,,,,,
15.65,6.109,-0.349,15.65,5.917,-0.209,15.65,5.411,-0.436,,,,,,,,,,,,,,,,,,,,,,,,,,,,,,
15.675,6.126,-0.332,15.675,5.917,-0.209,15.675,5.411,-0.436,,,,,,,,,,,,,,,,,,,,,,,,,,,,,,
15.7,6.126,-0.314,15.7,5.934,-0.192,15.7,5.393,-0.436,,,,,,,,,,,,,,,,,,,,,,,,,,,,,,
15.725,6.144,-0.297,15.725,5.952,-0.192,15.725,5.393,-0.436,,,,,,,,,,,,,,,,,,,,,,,,,,,,,,
15.75,6.144,-0.279,15.75,5.952,-0.192,15.75,5.376,-0.436,,,,,,,,,,,,,,,,,,,,,,,,,,,,,,
15.775,6.144,-0.279,15.775,5.969,-0.175,15.775,5.376,-0.436,,,,,,,,,,,,,,,,,,,,,,,,,,,,,,
15.8,6.144,-0.262,15.8,5.969,-0.175,15.8,5.376,-0.436,,,,,,,,,,,,,,,,,,,,,,,,,,,,,,
15.825,6.144,-0.244,15.825,5.986,-0.175,15.825,5.358,-0.436,,,,,,,,,,,,,,,,,,,,,,,,,,,,,,
15.85,6.144,-0.244,15.85,5.986,-0.175,15.85,5.358,-0.436,,,,,,,,,,,,,,,,,,,,,,,,,,,,,,
15.875,6.144,-0.244,15.875,5.986,-0.157,15.875,5.341,-0.436,,,,,,,,,,,,,,,,,,,,,,,,,,,,,,
15.9,6.126,-0.244,15.9,5.986,-0.157,15.9,5.341,-0.436,,,,,,,,,,,,,,,,,,,,,,,,,,,,,,
15.925,6.126,-0.244,15.925,6.004,-0.157,15.925,5.323,-0.436,,,,,,,,,,,,,,,,,,,,,,,,,,,,,,
15.95,6.126,-0.244,15.95,6.004,-0.157,15.95,5.323,-0.436,,,,,,,,,,,,,,,,,,,,,,,,,,,,,,
15.975,6.109,-0.262,15.975,6.004,-0.157,15.975,5.323,-0.436,,,,,,,,,,,,,,,,,,,,,,,,,,,,,,
16,6.109,-0.262,16,6.004,-0.175,16,5.306,-0.436,,,,,,,,,,,,,,,,,,,,,,,,,,,,,,
16.025,6.109,-0.279,16.025,6.021,-0.175,16.025,5.306,-0.436,,,,,,,,,,,,,,,,,,,,,,,,,,,,,,
16.05,6.109,-0.297,16.05,6.021,-0.175,16.05,5.288,-0.436,,,,,,,,,,,,,,,,,,,,,,,,,,,,,,
16.075,6.126,-0.314,16.075,6.021,-0.175,16.075,5.288,-0.436,,,,,,,,,,,,,,,,,,,,,,,,,,,,,,
16.1,6.126,-0.332,16.1,6.039,-0.192,16.1,5.271,-0.436,,,,,,,,,,,,,,,,,,,,,,,,,,,,,,
16.125,6.144,-0.349,16.125,6.039,-0.192,16.125,5.271,-0.436,,,,,,,,,,,,,,,,,,,,,,,,,,,,,,
16.15,6.161,-0.367,16.15,6.056,-0.209,16.15,5.253,-0.436,,,,,,,,,,,,,,,,,,,,,,,,,,,,,,
16.175,6.178,-0.384,16.175,6.074,-0.209,16.175,5.253,-0.436,,,,,,,,,,,,,,,,,,,,,,,,,,,,,,
16.2,6.196,-0.401,16.2,6.091,-0.209,16.2,5.236,-0.436,,,,,,,,,,,,,,,,,,,,,,,,,,,,,,
16.225,6.231,-0.401,16.225,6.091,-0.209,16.225,5.236,-0.436,,,,,,,,,,,,,,,,,,,,,,,,,,,,,,
16.25,6.248,-0.419,16.25,6.109,-0.227,16.25,5.219,-0.436,,,,,,,,,,,,,,,,,,,,,,,,,,,,,,
16.275,6.283,-0.419,16.275,6.126,-0.227,16.275,5.219,-0.436,,,,,,,,,,,,,,,,,,,,,,,,,,,,,,
16.3,6.301,-0.419,16.3,6.144,-0.227,16.3,5.201,-0.436,,,,,,,,,,,,,,,,,,,,,,,,,,,,,,
16.325,6.336,-0.419,16.325,6.161,-0.227,16.325,5.201,-0.436,,,,,,,,,,,,,,,,,,,,,,,,,,,,,,
16.35,6.353,-0.401,16.35,6.178,-0.227,16.35,5.184,-0.436,,,,,,,,,,,,,,,,,,,,,,,,,,,,,,
16.375,6.37,-0.401,16.375,6.196,-0.209,16.375,5.184,-0.436,,,,,,,,,,,,,,,,,,,,,,,,,,,,,,
16.4,6.405,-0.384,16.4,6.196,-0.209,16.4,5.166,-0.436,,,,,,,,,,,,,,,,,,,,,,,,,,,,,,
16.425,6.423,-0.367,16.425,6.213,-0.209,16.425,5.166,-0.436,,,,,,,,,,,,,,,,,,,,,,,,,,,,,,
16.45,6.44,-0.367,16.45,6.231,-0.209,16.45,5.149,-0.436,,,,,,,,,,,,,,,,,,,,,,,,,,,,,,
16.475,6.44,-0.349,16.475,6.231,-0.192,16.475,5.131,-0.436,,,,,,,,,,,,,,,,,,,,,,,,,,,,,,
16.5,6.458,-0.332,16.5,6.248,-0.192,16.5,5.131,-0.436,,,,,,,,,,,,,,,,,,,,,,,,,,,,,,
16.525,6.458,-0.314,16.525,6.248,-0.192,16.525,5.114,-0.436,,,,,,,,,,,,,,,,,,,,,,,,,,,,,,
16.55,6.458,-0.297,16.55,6.248,-0.175,16.55,5.114,-0.436,,,,,,,,,,,,,,,,,,,,,,,,,,,,,,
16.575,6.458,-0.297,16.575,6.266,-0.175,16.575,5.096,-0.436,,,,,,,,,,,,,,,,,,,,,,,,,,,,,,
16.6,6.458,-0.279,16.6,6.266,-0.175,16.6,5.096,-0.436,,,,,,,,,,,,,,,,,,,,,,,,,,,,,,
16.625,6.458,-0.279,16.625,6.266,-0.175,16.625,5.079,-0.436,,,,,,,,,,,,,,,,,,,,,,,,,,,,,,
16.65,6.458,-0.279,16.65,6.266,-0.175,16.65,5.061,-0.436,,,,,,,,,,,,,,,,,,,,,,,,,,,,,,
16.675,6.44,-0.279,16.675,6.283,-0.175,16.675,5.061,-0.436,,,,,,,,,,,,,,,,,,,,,,,,,,,,,,
16.7,6.44,-0.279,16.7,6.283,-0.175,16.7,5.044,-0.436,,,,,,,,,,,,,,,,,,,,,,,,,,,,,,
16.725,6.44,-0.279,16.725,6.283,-0.175,16.725,5.044,-0.436,,,,,,,,,,,,,,,,,,,,,,,,,,,,,,
16.75,6.44,-0.297,16.75,6.283,-0.192,16.75,5.027,-0.436,,,,,,,,,,,,,,,,,,,,,,,,,,,,,,
16.775,6.44,-0.297,16.775,6.301,-0.192,16.775,5.027,-0.436,,,,,,,,,,,,,,,,,,,,,,,,,,,,,,
16.8,6.44,-0.314,16.8,6.301,-0.192,16.8,5.009,-0.436,,,,,,,,,,,,,,,,,,,,,,,,,,,,,,
16.825,6.44,-0.332,16.825,6.318,-0.209,16.825,4.992,-0.436,,,,,,,,,,,,,,,,,,,,,,,,,,,,,,
16.85,6.44,-0.349,16.85,6.318,-0.209,16.85,4.992,-0.436,,,,,,,,,,,,,,,,,,,,,,,,,,,,,,
16.875,6.458,-0.367,16.875,6.336,-0.209,16.875,4.974,-0.436,,,,,,,,,,,,,,,,,,,,,,,,,,,,,,
16.9,6.475,-0.384,16.9,6.353,-0.227,16.9,4.974,-0.436,,,,,,,,,,,,,,,,,,,,,,,,,,,,,,
16.925,6.475,-0.401,16.925,6.37,-0.227,16.925,4.957,-0.436,,,,,,,,,,,,,,,,,,,,,,,,,,,,,,
16.95,6.493,-0.401,16.95,6.37,-0.227,16.95,4.939,-0.436,,,,,,,,,,,,,,,,,,,,,,,,,,,,,,
16.975,6.528,-0.419,16.975,6.388,-0.227,16.975,4.939,-0.436,,,,,,,,,,,,,,,,,,,,,,,,,,,,,,
17,6.545,-0.436,17,6.405,-0.227,17,4.922,-0.436,,,,,,,,,,,,,,,,,,,,,,,,,,,,,,
17.025,6.562,-0.436,17.025,6.423,-0.227,17.025,4.904,-0.436,,,,,,,,,,,,,,,,,,,,,,,,,,,,,,
17.05,6.597,-0.436,17.05,6.44,-0.227,17.05,4.904,-0.436,,,,,,,,,,,,,,,,,,,,,,,,,,,,,,
17.075,6.615,-0.436,17.075,6.458,-0.227,17.075,4.887,-0.436,,,,,,,,,,,,,,,,,,,,,,,,,,,,,,
17.1,6.65,-0.436,17.1,6.475,-0.227,17.1,4.887,-0.436,,,,,,,,,,,,,,,,,,,,,,,,,,,,,,
17.125,6.667,-0.436,17.125,6.475,-0.227,17.125,4.869,-0.436,,,,,,,,,,,,,,,,,,,,,,,,,,,,,,
17.15,6.685,-0.419,17.15,6.493,-0.209,17.15,4.852,-0.436,,,,,,,,,,,,,,,,,,,,,,,,,,,,,,
17.175,6.72,-0.419,17.175,6.51,-0.209,17.175,4.852,-0.436,,,,,,,,,,,,,,,,,,,,,,,,,,,,,,
17.2,6.72,-0.401,17.2,6.51,-0.209,17.2,4.835,-0.436,,,,,,,,,,,,,,,,,,,,,,,,,,,,,,
17.225,6.737,-0.384,17.225,6.51,-0.209,17.225,4.817,-0.436,,,,,,,,,,,,,,,,,,,,,,,,,,,,,,
17.25,6.754,-0.384,17.25,6.528,-0.192,17.25,4.817,-0.436,,,,,,,,,,,,,,,,,,,,,,,,,,,,,,
17.275,6.754,-0.367,17.275,6.528,-0.192,17.275,4.8,-0.436,,,,,,,,,,,,,,,,,,,,,,,,,,,,,,
17.3,6.772,-0.349,17.3,6.528,-0.192,17.3,4.782,-0.436,,,,,,,,,,,,,,,,,,,,,,,,,,,,,,
17.325,6.772,-0.332,17.325,6.545,-0.192,17.325,4.782,-0.436,,,,,,,,,,,,,,,,,,,,,,,,,,,,,,
17.35,6.772,-0.332,17.35,6.545,-0.192,17.35,4.765,-0.454,,,,,,,,,,,,,,,,,,,,,,,,,,,,,,
17.375,6.772,-0.314,17.375,6.545,-0.192,17.375,4.765,-0.454,,,,,,,,,,,,,,,,,,,,,,,,,,,,,,
17.4,6.772,-0.314,17.4,6.545,-0.192,17.4,4.747,-0.454,,,,,,,,,,,,,,,,,,,,,,,,,,,,,,
17.425,6.772,-0.314,17.425,6.562,-0.192,17.425,4.73,-0.454,,,,,,,,,,,,,,,,,,,,,,,,,,,,,,
17.45,6.754,-0.314,17.45,6.562,-0.192,17.45,4.73,-0.454,,,,,,,,,,,,,,,,,,,,,,,,,,,,,,
17.475,6.754,-0.314,17.475,6.562,-0.209,,,,,,,,,,,,,,,,,,,,,,,,,,,,,,,,,
17.5,6.754,-0.332,17.5,6.58,-0.209,,,,,,,,,,,,,,,,,,,,,,,,,,,,,,,,,
17.525,6.754,-0.332,17.525,6.58,-0.209,,,,,,,,,,,,,,,,,,,,,,,,,,,,,,,,,
17.55,6.754,-0.349,17.55,6.597,-0.227,,,,,,,,,,,,,,,,,,,,,,,,,,,,,,,,,
17.575,6.754,-0.349,17.575,6.597,-0.227,,,,,,,,,,,,,,,,,,,,,,,,,,,,,,,,,
17.6,6.754,-0.367,17.6,6.615,-0.227,,,,,,,,,,,,,,,,,,,,,,,,,,,,,,,,,
17.625,6.772,-0.384,17.625,6.632,-0.244,,,,,,,,,,,,,,,,,,,,,,,,,,,,,,,,,
17.65,6.772,-0.401,17.65,6.65,-0.244,,,,,,,,,,,,,,,,,,,,,,,,,,,,,,,,,
17.675,6.789,-0.419,17.675,6.667,-0.244,,,,,,,,,,,,,,,,,,,,,,,,,,,,,,,,,
17.7,6.807,-0.419,17.7,6.667,-0.244,,,,,,,,,,,,,,,,,,,,,,,,,,,,,,,,,
17.725,6.824,-0.436,17.725,6.685,-0.244,,,,,,,,,,,,,,,,,,,,,,,,,,,,,,,,,
17.75,6.842,-0.454,17.75,6.702,-0.244,,,,,,,,,,,,,,,,,,,,,,,,,,,,,,,,,
17.775,6.859,-0.454,17.775,6.72,-0.244,,,,,,,,,,,,,,,,,,,,,,,,,,,,,,,,,
17.8,6.894,-0.471,17.8,6.737,-0.244,,,,,,,,,,,,,,,,,,,,,,,,,,,,,,,,,
17.825,6.912,-0.471,17.825,6.754,-0.244,,,,,,,,,,,,,,,,,,,,,,,,,,,,,,,,,
17.85,6.929,-0.471,17.85,6.754,-0.227,,,,,,,,,,,,,,,,,,,,,,,,,,,,,,,,,
17.875,6.964,-0.471,17.875,6.772,-0.227,,,,,,,,,,,,,,,,,,,,,,,,,,,,,,,,,
17.9,6.981,-0.454,17.9,6.772,-0.227,,,,,,,,,,,,,,,,,,,,,,,,,,,,,,,,,
17.925,6.999,-0.454,17.925,6.789,-0.227,,,,,,,,,,,,,,,,,,,,,,,,,,,,,,,,,
17.95,7.016,-0.454,17.95,6.789,-0.209,,,,,,,,,,,,,,,,,,,,,,,,,,,,,,,,,
17.975,7.034,-0.436,17.975,6.807,-0.209,,,,,,,,,,,,,,,,,,,,,,,,,,,,,,,,,
18,7.051,-0.419,18,6.807,-0.209,,,,,,,,,,,,,,,,,,,,,,,,,,,,,,,,,
18.025,7.069,-0.419,18.025,6.807,-0.209,,,,,,,,,,,,,,,,,,,,,,,,,,,,,,,,,
18.05,7.069,-0.401,18.05,6.824,-0.209,,,,,,,,,,,,,,,,,,,,,,,,,,,,,,,,,
18.075,7.086,-0.384,18.075,6.824,-0.209,,,,,,,,,,,,,,,,,,,,,,,,,,,,,,,,,
18.1,7.086,-0.384,18.1,6.824,-0.209,,,,,,,,,,,,,,,,,,,,,,,,,,,,,,,,,
18.125,7.086,-0.367,18.125,6.824,-0.209,,,,,,,,,,,,,,,,,,,,,,,,,,,,,,,,,
18.15,7.086,-0.367,18.15,6.842,-0.209,,,,,,,,,,,,,,,,,,,,,,,,,,,,,,,,,
18.175,7.086,-0.367,18.175,6.842,-0.209,,,,,,,,,,,,,,,,,,,,,,,,,,,,,,,,,
18.2,7.086,-0.367,18.2,6.842,-0.227,,,,,,,,,,,,,,,,,,,,,,,,,,,,,,,,,
18.225,7.086,-0.367,18.225,6.859,-0.227,,,,,,,,,,,,,,,,,,,,,,,,,,,,,,,,,
18.25,7.069,-0.367,18.25,6.859,-0.227,,,,,,,,,,,,,,,,,,,,,,,,,,,,,,,,,
18.275,7.069,-0.367,18.275,6.877,-0.244,,,,,,,,,,,,,,,,,,,,,,,,,,,,,,,,,
18.3,7.069,-0.367,18.3,6.894,-0.244,,,,,,,,,,,,,,,,,,,,,,,,,,,,,,,,,
18.325,7.069,-0.384,18.325,6.894,-0.244,,,,,,,,,,,,,,,,,,,,,,,,,,,,,,,,,
18.35,7.069,-0.401,18.35,6.912,-0.244,,,,,,,,,,,,,,,,,,,,,,,,,,,,,,,,,
18.375,7.086,-0.401,18.375,6.929,-0.262,,,,,,,,,,,,,,,,,,,,,,,,,,,,,,,,,
18.4,7.086,-0.419,18.4,6.946,-0.262,,,,,,,,,,,,,,,,,,,,,,,,,,,,,,,,,
18.425,7.103,-0.436,18.425,6.964,-0.262,,,,,,,,,,,,,,,,,,,,,,,,,,,,,,,,,
18.45,7.103,-0.454,18.45,6.964,-0.262,,,,,,,,,,,,,,,,,,,,,,,,,,,,,,,,,
18.475,7.121,-0.454,18.475,6.981,-0.262,,,,,,,,,,,,,,,,,,,,,,,,,,,,,,,,,
18.5,7.138,-0.471,18.5,6.999,-0.262,,,,,,,,,,,,,,,,,,,,,,,,,,,,,,,,,
18.525,7.156,-0.489,18.525,7.016,-0.244,,,,,,,,,,,,,,,,,,,,,,,,,,,,,,,,,
18.55,7.191,-0.489,18.55,7.034,-0.244,,,,,,,,,,,,,,,,,,,,,,,,,,,,,,,,,
18.575,7.208,-0.489,18.575,7.034,-0.244,,,,,,,,,,,,,,,,,,,,,,,,,,,,,,,,,
18.6,7.226,-0.506,18.6,7.051,-0.244,,,,,,,,,,,,,,,,,,,,,,,,,,,,,,,,,
18.625,7.261,-0.506,18.625,7.051,-0.227,,,,,,,,,,,,,,,,,,,,,,,,,,,,,,,,,
18.65,7.278,-0.506,18.65,7.069,-0.227,,,,,,,,,,,,,,,,,,,,,,,,,,,,,,,,,
18.675,7.295,-0.489,18.675,7.069,-0.227,,,,,,,,,,,,,,,,,,,,,,,,,,,,,,,,,
18.7,7.313,-0.489,18.7,7.086,-0.227,,,,,,,,,,,,,,,,,,,,,,,,,,,,,,,,,
18.725,7.33,-0.489,18.725,7.086,-0.227,,,,,,,,,,,,,,,,,,,,,,,,,,,,,,,,,
18.75,7.348,-0.471,18.75,7.086,-0.227,,,,,,,,,,,,,,,,,,,,,,,,,,,,,,,,,
18.775,7.365,-0.454,18.775,7.103,-0.227,,,,,,,,,,,,,,,,,,,,,,,,,,,,,,,,,
18.8,7.383,-0.454,18.8,7.103,-0.227,,,,,,,,,,,,,,,,,,,,,,,,,,,,,,,,,
18.825,7.383,-0.436,18.825,7.103,-0.227,,,,,,,,,,,,,,,,,,,,,,,,,,,,,,,,,
18.85,7.383,-0.436,18.85,7.103,-0.227,,,,,,,,,,,,,,,,,,,,,,,,,,,,,,,,,
18.875,7.4,-0.419,18.875,7.121,-0.227,,,,,,,,,,,,,,,,,,,,,,,,,,,,,,,,,
18.9,7.4,-0.419,18.9,7.121,-0.227,,,,,,,,,,,,,,,,,,,,,,,,,,,,,,,,,
18.925,7.4,-0.401,18.925,7.138,-0.244,,,,,,,,,,,,,,,,,,,,,,,,,,,,,,,,,
18.95,7.4,-0.401,18.95,7.138,-0.244,,,,,,,,,,,,,,,,,,,,,,,,,,,,,,,,,
18.975,7.4,-0.401,18.975,7.156,-0.244,,,,,,,,,,,,,,,,,,,,,,,,,,,,,,,,,
19,7.4,-0.401,19,7.156,-0.262,,,,,,,,,,,,,,,,,,,,,,,,,,,,,,,,,
19.025,7.4,-0.401,19.025,7.173,-0.262,,,,,,,,,,,,,,,,,,,,,,,,,,,,,,,,,
19.05,7.4,-0.419,19.05,7.191,-0.262,,,,,,,,,,,,,,,,,,,,,,,,,,,,,,,,,
19.075,7.4,-0.419,19.075,7.191,-0.262,,,,,,,,,,,,,,,,,,,,,,,,,,,,,,,,,
19.1,7.4,-0.419,19.1,7.208,-0.262,,,,,,,,,,,,,,,,,,,,,,,,,,,,,,,,,
19.125,7.4,-0.436,19.125,7.226,-0.262,,,,,,,,,,,,,,,,,,,,,,,,,,,,,,,,,
19.15,7.4,-0.454,19.15,7.243,-0.262,,,,,,,,,,,,,,,,,,,,,,,,,,,,,,,,,
19.175,7.418,-0.454,19.175,7.261,-0.262,,,,,,,,,,,,,,,,,,,,,,,,,,,,,,,,,
19.2,7.418,-0.471,19.2,7.278,-0.262,,,,,,,,,,,,,,,,,,,,,,,,,,,,,,,,,
19.225,7.435,-0.489,19.225,7.278,-0.262,,,,,,,,,,,,,,,,,,,,,,,,,,,,,,,,,
19.25,7.453,-0.506,19.25,7.295,-0.262,,,,,,,,,,,,,,,,,,,,,,,,,,,,,,,,,
19.275,7.47,-0.506,19.275,7.313,-0.262,,,,,,,,,,,,,,,,,,,,,,,,,,,,,,,,,
19.3,7.487,-0.524,19.3,7.313,-0.262,,,,,,,,,,,,,,,,,,,,,,,,,,,,,,,,,
19.325,7.505,-0.524,19.325,7.33,-0.244,,,,,,,,,,,,,,,,,,,,,,,,,,,,,,,,,
19.35,7.522,-0.524,19.35,7.33,-0.244,,,,,,,,,,,,,,,,,,,,,,,,,,,,,,,,,
19.375,7.54,-0.541,19.375,7.348,-0.244,,,,,,,,,,,,,,,,,,,,,,,,,,,,,,,,,
19.4,7.575,-0.541,19.4,7.348,-0.244,,,,,,,,,,,,,,,,,,,,,,,,,,,,,,,,,
19.425,7.592,-0.541,19.425,7.348,-0.244,,,,,,,,,,,,,,,,,,,,,,,,,,,,,,,,,
19.45,7.61,-0.524,19.45,7.365,-0.244,,,,,,,,,,,,,,,,,,,,,,,,,,,,,,,,,
19.475,7.627,-0.524,19.475,7.365,-0.244,,,,,,,,,,,,,,,,,,,,,,,,,,,,,,,,,
19.5,7.645,-0.524,19.5,7.365,-0.244,,,,,,,,,,,,,,,,,,,,,,,,,,,,,,,,,
19.525,7.662,-0.506,19.525,7.383,-0.244,,,,,,,,,,,,,,,,,,,,,,,,,,,,,,,,,
19.55,7.679,-0.506,19.55,7.383,-0.244,,,,,,,,,,,,,,,,,,,,,,,,,,,,,,,,,
19.575,7.679,-0.489,19.575,7.383,-0.244,,,,,,,,,,,,,,,,,,,,,,,,,,,,,,,,,
19.6,7.697,-0.489,19.6,7.4,-0.244,,,,,,,,,,,,,,,,,,,,,,,,,,,,,,,,,
19.625,7.697,-0.471,19.625,7.4,-0.244,,,,,,,,,,,,,,,,,,,,,,,,,,,,,,,,,
19.65,7.714,-0.471,19.65,7.418,-0.262,,,,,,,,,,,,,,,,,,,,,,,,,,,,,,,,,
19.675,7.714,-0.454,19.675,7.418,-0.262,,,,,,,,,,,,,,,,,,,,,,,,,,,,,,,,,
19.7,7.714,-0.454,19.7,7.435,-0.262,,,,,,,,,,,,,,,,,,,,,,,,,,,,,,,,,
19.725,7.714,-0.454,19.725,7.435,-0.262,,,,,,,,,,,,,,,,,,,,,,,,,,,,,,,,,
19.75,7.714,-0.454,19.75,7.453,-0.279,,,,,,,,,,,,,,,,,,,,,,,,,,,,,,,,,
19.775,7.714,-0.454,19.775,7.47,-0.279,,,,,,,,,,,,,,,,,,,,,,,,,,,,,,,,,
19.8,7.714,-0.454,19.8,7.487,-0.279,,,,,,,,,,,,,,,,,,,,,,,,,,,,,,,,,
19.825,7.714,-0.454,19.825,7.487,-0.279,,,,,,,,,,,,,,,,,,,,,,,,,,,,,,,,,
19.85,7.714,-0.471,19.85,7.505,-0.279,,,,,,,,,,,,,,,,,,,,,,,,,,,,,,,,,
19.875,7.714,-0.471,19.875,7.522,-0.279,,,,,,,,,,,,,,,,,,,,,,,,,,,,,,,,,
19.9,7.714,-0.489,19.9,7.54,-0.279,,,,,,,,,,,,,,,,,,,,,,,,,,,,,,,,,
19.925,7.732,-0.489,19.925,7.557,-0.279,,,,,,,,,,,,,,,,,,,,,,,,,,,,,,,,,
19.95,7.732,-0.506,19.95,7.557,-0.279,,,,,,,,,,,,,,,,,,,,,,,,,,,,,,,,,
19.975,7.749,-0.506,19.975,7.575,-0.279,,,,,,,,,,,,,,,,,,,,,,,,,,,,,,,,,
20,7.749,-0.524,20,7.592,-0.262,,,,,,,,,,,,,,,,,,,,,,,,,,,,,,,,,
20.025,7.767,-0.541,20.025,7.592,-0.262,,,,,,,,,,,,,,,,,,,,,,,,,,,,,,,,,
20.05,7.784,-0.541,20.05,7.61,-0.262,,,,,,,,,,,,,,,,,,,,,,,,,,,,,,,,,
20.075,7.802,-0.559,20.075,7.61,-0.262,,,,,,,,,,,,,,,,,,,,,,,,,,,,,,,,,
20.1,7.819,-0.559,20.1,7.627,-0.262,,,,,,,,,,,,,,,,,,,,,,,,,,,,,,,,,
20.125,7.837,-0.559,20.125,7.627,-0.262,,,,,,,,,,,,,,,,,,,,,,,,,,,,,,,,,
20.15,7.854,-0.576,20.15,7.627,-0.244,,,,,,,,,,,,,,,,,,,,,,,,,,,,,,,,,
20.175,7.889,-0.576,20.175,7.645,-0.244,,,,,,,,,,,,,,,,,,,,,,,,,,,,,,,,,
20.2,7.906,-0.576,20.2,7.645,-0.244,,,,,,,,,,,,,,,,,,,,,,,,,,,,,,,,,
20.225,7.924,-0.559,20.225,7.645,-0.244,,,,,,,,,,,,,,,,,,,,,,,,,,,,,,,,,
20.25,7.941,-0.559,20.25,7.662,-0.262,,,,,,,,,,,,,,,,,,,,,,,,,,,,,,,,,
20.275,7.959,-0.559,20.275,7.662,-0.262,,,,,,,,,,,,,,,,,,,,,,,,,,,,,,,,,
20.3,7.976,-0.541,20.3,7.662,-0.262,,,,,,,,,,,,,,,,,,,,,,,,,,,,,,,,,
20.325,7.994,-0.541,20.325,7.679,-0.262,,,,,,,,,,,,,,,,,,,,,,,,,,,,,,,,,
20.35,7.994,-0.541,20.35,7.679,-0.262,,,,,,,,,,,,,,,,,,,,,,,,,,,,,,,,,
20.375,8.011,-0.524,20.375,7.697,-0.279,,,,,,,,,,,,,,,,,,,,,,,,,,,,,,,,,
20.4,8.011,-0.524,20.4,7.697,-0.279,,,,,,,,,,,,,,,,,,,,,,,,,,,,,,,,,
20.425,8.011,-0.506,20.425,7.714,-0.279,,,,,,,,,,,,,,,,,,,,,,,,,,,,,,,,,
20.45,8.029,-0.506,20.45,7.732,-0.279,,,,,,,,,,,,,,,,,,,,,,,,,,,,,,,,,
20.475,8.029,-0.506,20.475,7.732,-0.297,,,,,,,,,,,,,,,,,,,,,,,,,,,,,,,,,
20.5,8.029,-0.506,20.5,7.749,-0.297,,,,,,,,,,,,,,,,,,,,,,,,,,,,,,,,,
20.525,8.029,-0.506,20.525,7.767,-0.297,,,,,,,,,,,,,,,,,,,,,,,,,,,,,,,,,
20.55,8.029,-0.506,20.55,7.784,-0.297,,,,,,,,,,,,,,,,,,,,,,,,,,,,,,,,,
20.575,8.029,-0.506,20.575,7.784,-0.297,,,,,,,,,,,,,,,,,,,,,,,,,,,,,,,,,
20.6,8.029,-0.506,20.6,7.802,-0.297,,,,,,,,,,,,,,,,,,,,,,,,,,,,,,,,,
20.625,8.029,-0.506,20.625,7.819,-0.297,,,,,,,,,,,,,,,,,,,,,,,,,,,,,,,,,
20.65,8.029,-0.524,20.65,7.837,-0.297,,,,,,,,,,,,,,,,,,,,,,,,,,,,,,,,,
20.675,8.046,-0.524,20.675,7.837,-0.297,,,,,,,,,,,,,,,,,,,,,,,,,,,,,,,,,
20.7,8.046,-0.541,20.7,7.854,-0.279,,,,,,,,,,,,,,,,,,,,,,,,,,,,,,,,,
20.725,8.063,-0.541,20.725,7.871,-0.279,,,,,,,,,,,,,,,,,,,,,,,,,,,,,,,,,
20.75,8.063,-0.559,20.75,7.871,-0.279,,,,,,,,,,,,,,,,,,,,,,,,,,,,,,,,,
20.775,8.081,-0.576,20.775,7.889,-0.279,,,,,,,,,,,,,,,,,,,,,,,,,,,,,,,,,
20.8,8.098,-0.576,20.8,7.889,-0.279,,,,,,,,,,,,,,,,,,,,,,,,,,,,,,,,,
20.825,8.098,-0.593,20.825,7.889,-0.279,,,,,,,,,,,,,,,,,,,,,,,,,,,,,,,,,
20.85,8.116,-0.593,20.85,7.906,-0.279,,,,,,,,,,,,,,,,,,,,,,,,,,,,,,,,,
20.875,8.133,-0.593,20.875,7.906,-0.262,,,,,,,,,,,,,,,,,,,,,,,,,,,,,,,,,
20.9,8.168,-0.611,20.9,7.906,-0.262,,,,,,,,,,,,,,,,,,,,,,,,,,,,,,,,,
20.925,8.186,-0.611,20.925,7.924,-0.262,,,,,,,,,,,,,,,,,,,,,,,,,,,,,,,,,
20.95,8.203,-0.611,20.95,7.924,-0.279,,,,,,,,,,,,,,,,,,,,,,,,,,,,,,,,,
20.975,8.22,-0.611,20.975,7.924,-0.279,,,,,,,,,,,,,,,,,,,,,,,,,,,,,,,,,
21,8.238,-0.611,21,7.941,-0.279,,,,,,,,,,,,,,,,,,,,,,,,,,,,,,,,,
21.025,8.255,-0.593,21.025,7.941,-0.279,,,,,,,,,,,,,,,,,,,,,,,,,,,,,,,,,
21.05,8.273,-0.593,21.05,7.959,-0.279,,,,,,,,,,,,,,,,,,,,,,,,,,,,,,,,,
21.075,8.29,-0.593,21.075,7.959,-0.297,,,,,,,,,,,,,,,,,,,,,,,,,,,,,,,,,
21.1,8.29,-0.576,21.1,7.976,-0.297,,,,,,,,,,,,,,,,,,,,,,,,,,,,,,,,,
21.125,8.308,-0.576,21.125,7.976,-0.297,,,,,,,,,,,,,,,,,,,,,,,,,,,,,,,,,
21.15,8.308,-0.576,21.15,7.994,-0.297,,,,,,,,,,,,,,,,,,,,,,,,,,,,,,,,,
21.175,8.325,-0.559,21.175,8.011,-0.297,,,,,,,,,,,,,,,,,,,,,,,,,,,,,,,,,
21.2,8.325,-0.559,21.2,8.011,-0.314,,,,,,,,,,,,,,,,,,,,,,,,,,,,,,,,,
21.225,8.325,-0.559,21.225,8.029,-0.314,,,,,,,,,,,,,,,,,,,,,,,,,,,,,,,,,
21.25,8.343,-0.559,21.25,8.046,-0.314,,,,,,,,,,,,,,,,,,,,,,,,,,,,,,,,,
21.275,8.343,-0.559,21.275,8.063,-0.314,,,,,,,,,,,,,,,,,,,,,,,,,,,,,,,,,
21.3,8.343,-0.559,21.3,8.063,-0.314,,,,,,,,,,,,,,,,,,,,,,,,,,,,,,,,,
21.325,8.343,-0.559,21.325,8.081,-0.314,,,,,,,,,,,,,,,,,,,,,,,,,,,,,,,,,
21.35,8.343,-0.559,21.35,8.098,-0.314,,,,,,,,,,,,,,,,,,,,,,,,,,,,,,,,,
21.375,8.343,-0.559,21.375,8.098,-0.314,,,,,,,,,,,,,,,,,,,,,,,,,,,,,,,,,
21.4,8.343,-0.559,21.4,8.116,-0.297,,,,,,,,,,,,,,,,,,,,,,,,,,,,,,,,,
21.425,8.36,-0.576,21.425,8.133,-0.297,,,,,,,,,,,,,,,,,,,,,,,,,,,,,,,,,
21.45,8.36,-0.576,21.45,8.133,-0.297,,,,,,,,,,,,,,,,,,,,,,,,,,,,,,,,,
21.475,8.36,-0.593,21.475,8.151,-0.297,,,,,,,,,,,,,,,,,,,,,,,,,,,,,,,,,
21.5,8.378,-0.593,21.5,8.151,-0.297,,,,,,,,,,,,,,,,,,,,,,,,,,,,,,,,,
21.525,8.378,-0.611,21.525,8.168,-0.297,,,,,,,,,,,,,,,,,,,,,,,,,,,,,,,,,
21.55,8.395,-0.611,21.55,8.168,-0.297,,,,,,,,,,,,,,,,,,,,,,,,,,,,,,,,,
21.575,8.412,-0.628,21.575,8.168,-0.297,,,,,,,,,,,,,,,,,,,,,,,,,,,,,,,,,
21.6,8.43,-0.628,21.6,8.186,-0.297,,,,,,,,,,,,,,,,,,,,,,,,,,,,,,,,,
21.625,8.447,-0.628,21.625,8.186,-0.297,,,,,,,,,,,,,,,,,,,,,,,,,,,,,,,,,
21.65,8.465,-0.646,21.65,8.186,-0.297,,,,,,,,,,,,,,,,,,,,,,,,,,,,,,,,,
21.675,8.482,-0.646,21.675,8.203,-0.297,,,,,,,,,,,,,,,,,,,,,,,,,,,,,,,,,
21.7,8.5,-0.646,21.7,8.203,-0.297,,,,,,,,,,,,,,,,,,,,,,,,,,,,,,,,,
21.725,8.517,-0.646,21.725,8.22,-0.297,,,,,,,,,,,,,,,,,,,,,,,,,,,,,,,,,
21.75,8.535,-0.646,21.75,8.22,-0.297,,,,,,,,,,,,,,,,,,,,,,,,,,,,,,,,,
21.775,8.552,-0.646,21.775,8.238,-0.297,,,,,,,,,,,,,,,,,,,,,,,,,,,,,,,,,
21.8,8.552,-0.646,21.8,8.238,-0.314,,,,,,,,,,,,,,,,,,,,,,,,,,,,,,,,,
21.825,8.57,-0.628,21.825,8.255,-0.314,,,,,,,,,,,,,,,,,,,,,,,,,,,,,,,,,
21.85,8.587,-0.628,21.85,8.255,-0.314,,,,,,,,,,,,,,,,,,,,,,,,,,,,,,,,,
21.875,8.604,-0.628,21.875,8.273,-0.314,,,,,,,,,,,,,,,,,,,,,,,,,,,,,,,,,
21.9,8.604,-0.628,21.9,8.29,-0.332,,,,,,,,,,,,,,,,,,,,,,,,,,,,,,,,,
21.925,8.622,-0.611,21.925,8.29,-0.332,,,,,,,,,,,,,,,,,,,,,,,,,,,,,,,,,
21.95,8.622,-0.611,21.95,8.308,-0.332,,,,,,,,,,,,,,,,,,,,,,,,,,,,,,,,,
21.975,8.622,-0.611,21.975,8.325,-0.332,,,,,,,,,,,,,,,,,,,,,,,,,,,,,,,,,
22,8.639,-0.611,22,8.343,-0.332,,,,,,,,,,,,,,,,,,,,,,,,,,,,,,,,,
22.025,8.639,-0.611,22.025,8.343,-0.332,,,,,,,,,,,,,,,,,,,,,,,,,,,,,,,,,
22.05,8.639,-0.611,22.05,8.36,-0.332,,,,,,,,,,,,,,,,,,,,,,,,,,,,,,,,,
22.075,8.639,-0.611,22.075,8.378,-0.332,,,,,,,,,,,,,,,,,,,,,,,,,,,,,,,,,
22.1,8.639,-0.611,22.1,8.378,-0.332,,,,,,,,,,,,,,,,,,,,,,,,,,,,,,,,,
22.125,8.657,-0.611,22.125,8.395,-0.332,,,,,,,,,,,,,,,,,,,,,,,,,,,,,,,,,
22.15,8.657,-0.611,22.15,8.412,-0.314,,,,,,,,,,,,,,,,,,,,,,,,,,,,,,,,,
22.175,8.657,-0.628,22.175,8.412,-0.314,,,,,,,,,,,,,,,,,,,,,,,,,,,,,,,,,
22.2,8.657,-0.628,22.2,8.43,-0.314,,,,,,,,,,,,,,,,,,,,,,,,,,,,,,,,,
22.225,8.674,-0.628,22.225,8.43,-0.314,,,,,,,,,,,,,,,,,,,,,,,,,,,,,,,,,
22.25,8.674,-0.646,22.25,8.43,-0.314,,,,,,,,,,,,,,,,,,,,,,,,,,,,,,,,,
22.275,8.692,-0.646,22.275,8.447,-0.314,,,,,,,,,,,,,,,,,,,,,,,,,,,,,,,,,
22.3,8.692,-0.663,22.3,8.447,-0.314,,,,,,,,,,,,,,,,,,,,,,,,,,,,,,,,,
22.325,8.709,-0.663,22.325,8.465,-0.314,,,,,,,,,,,,,,,,,,,,,,,,,,,,,,,,,
22.35,8.727,-0.681,22.35,8.465,-0.314,,,,,,,,,,,,,,,,,,,,,,,,,,,,,,,,,
22.375,8.744,-0.681,22.375,8.465,-0.314,,,,,,,,,,,,,,,,,,,,,,,,,,,,,,,,,
22.4,8.762,-0.681,22.4,8.482,-0.314,,,,,,,,,,,,,,,,,,,,,,,,,,,,,,,,,
22.425,8.779,-0.681,22.425,8.482,-0.314,,,,,,,,,,,,,,,,,,,,,,,,,,,,,,,,,
22.45,8.779,-0.681,22.45,8.482,-0.314,,,,,,,,,,,,,,,,,,,,,,,,,,,,,,,,,
22.475,8.796,-0.698,22.475,8.5,-0.332,,,,,,,,,,,,,,,,,,,,,,,,,,,,,,,,,
22.5,8.814,-0.698,22.5,8.5,-0.332,,,,,,,,,,,,,,,,,,,,,,,,,,,,,,,,,
22.525,8.831,-0.698,22.525,8.517,-0.332,,,,,,,,,,,,,,,,,,,,,,,,,,,,,,,,,
22.55,8.849,-0.681,22.55,8.535,-0.332,,,,,,,,,,,,,,,,,,,,,,,,,,,,,,,,,
22.575,8.866,-0.681,22.575,8.535,-0.332,,,,,,,,,,,,,,,,,,,,,,,,,,,,,,,,,
22.6,8.866,-0.681,22.6,8.552,-0.349,,,,,,,,,,,,,,,,,,,,,,,,,,,,,,,,,
22.625,8.884,-0.681,22.625,8.57,-0.349,,,,,,,,,,,,,,,,,,,,,,,,,,,,,,,,,
22.65,8.901,-0.681,22.65,8.57,-0.349,,,,,,,,,,,,,,,,,,,,,,,,,,,,,,,,,
22.675,8.901,-0.681,22.675,8.587,-0.349,,,,,,,,,,,,,,,,,,,,,,,,,,,,,,,,,
22.7,8.919,-0.663,22.7,8.604,-0.349,,,,,,,,,,,,,,,,,,,,,,,,,,,,,,,,,
22.725,8.919,-0.663,22.725,8.604,-0.349,,,,,,,,,,,,,,,,,,,,,,,,,,,,,,,,,
22.75,8.919,-0.663,22.75,8.622,-0.349,,,,,,,,,,,,,,,,,,,,,,,,,,,,,,,,,
22.775,8.936,-0.663,22.775,8.639,-0.349,,,,,,,,,,,,,,,,,,,,,,,,,,,,,,,,,
22.8,8.936,-0.663,22.8,8.639,-0.349,,,,,,,,,,,,,,,,,,,,,,,,,,,,,,,,,
22.825,8.936,-0.663,22.825,8.657,-0.349,,,,,,,,,,,,,,,,,,,,,,,,,,,,,,,,,
22.85,8.936,-0.663,22.85,8.674,-0.349,,,,,,,,,,,,,,,,,,,,,,,,,,,,,,,,,
22.875,8.954,-0.663,22.875,8.674,-0.349,,,,,,,,,,,,,,,,,,,,,,,,,,,,,,,,,
22.9,8.954,-0.681,22.9,8.692,-0.332,,,,,,,,,,,,,,,,,,,,,,,,,,,,,,,,,
22.925,8.954,-0.681,22.925,8.692,-0.332,,,,,,,,,,,,,,,,,,,,,,,,,,,,,,,,,
22.95,8.954,-0.681,22.95,8.709,-0.332,,,,,,,,,,,,,,,,,,,,,,,,,,,,,,,,,
22.975,8.971,-0.698,22.975,8.709,-0.332,,,,,,,,,,,,,,,,,,,,,,,,,,,,,,,,,
23,8.971,-0.698,23,8.727,-0.332,,,,,,,,,,,,,,,,,,,,,,,,,,,,,,,,,
23.025,8.988,-0.698,23.025,8.727,-0.332,,,,,,,,,,,,,,,,,,,,,,,,,,,,,,,,,
23.05,8.988,-0.716,23.05,8.727,-0.332,,,,,,,,,,,,,,,,,,,,,,,,,,,,,,,,,
23.075,9.006,-0.716,23.075,8.744,-0.332,,,,,,,,,,,,,,,,,,,,,,,,,,,,,,,,,
23.1,9.023,-0.716,23.1,8.744,-0.332,,,,,,,,,,,,,,,,,,,,,,,,,,,,,,,,,
23.125,9.023,-0.733,23.125,8.744,-0.332,,,,,,,,,,,,,,,,,,,,,,,,,,,,,,,,,
23.15,9.041,-0.733,23.15,8.762,-0.349,,,,,,,,,,,,,,,,,,,,,,,,,,,,,,,,,
23.175,9.058,-0.733,23.175,8.762,-0.349,,,,,,,,,,,,,,,,,,,,,,,,,,,,,,,,,
23.2,9.076,-0.733,23.2,8.779,-0.349,,,,,,,,,,,,,,,,,,,,,,,,,,,,,,,,,
23.225,9.093,-0.733,23.225,8.779,-0.349,,,,,,,,,,,,,,,,,,,,,,,,,,,,,,,,,
23.25,9.093,-0.733,23.25,8.796,-0.349,,,,,,,,,,,,,,,,,,,,,,,,,,,,,,,,,
23.275,9.111,-0.733,23.275,8.796,-0.367,,,,,,,,,,,,,,,,,,,,,,,,,,,,,,,,,
23.3,9.111,-0.733,23.3,8.814,-0.367,,,,,,,,,,,,,,,,,,,,,,,,,,,,,,,,,
23.325,9.128,-0.716,23.325,8.831,-0.367,,,,,,,,,,,,,,,,,,,,,,,,,,,,,,,,,
23.35,9.128,-0.716,23.35,8.831,-0.367,,,,,,,,,,,,,,,,,,,,,,,,,,,,,,,,,
23.375,9.146,-0.716,23.375,8.849,-0.367,,,,,,,,,,,,,,,,,,,,,,,,,,,,,,,,,
23.4,9.146,-0.716,23.4,8.866,-0.367,,,,,,,,,,,,,,,,,,,,,,,,,,,,,,,,,
23.425,9.146,-0.716,23.425,8.884,-0.367,,,,,,,,,,,,,,,,,,,,,,,,,,,,,,,,,
23.45,9.163,-0.716,23.45,8.884,-0.367,,,,,,,,,,,,,,,,,,,,,,,,,,,,,,,,,
23.475,9.163,-0.716,23.475,8.901,-0.367,,,,,,,,,,,,,,,,,,,,,,,,,,,,,,,,,
23.5,9.163,-0.716,23.5,8.919,-0.367,,,,,,,,,,,,,,,,,,,,,,,,,,,,,,,,,
23.525,9.163,-0.716,23.525,8.919,-0.367,,,,,,,,,,,,,,,,,,,,,,,,,,,,,,,,,
23.55,9.18,-0.733,23.55,8.936,-0.367,,,,,,,,,,,,,,,,,,,,,,,,,,,,,,,,,
23.575,9.18,-0.733,23.575,8.936,-0.367,,,,,,,,,,,,,,,,,,,,,,,,,,,,,,,,,
23.6,9.18,-0.733,23.6,8.954,-0.367,,,,,,,,,,,,,,,,,,,,,,,,,,,,,,,,,
23.625,9.18,-0.733,23.625,8.971,-0.367,,,,,,,,,,,,,,,,,,,,,,,,,,,,,,,,,
23.65,9.198,-0.733,23.65,8.971,-0.367,,,,,,,,,,,,,,,,,,,,,,,,,,,,,,,,,
23.675,9.198,-0.75,23.675,8.971,-0.367,,,,,,,,,,,,,,,,,,,,,,,,,,,,,,,,,
23.7,9.198,-0.75,23.7,8.988,-0.367,,,,,,,,,,,,,,,,,,,,,,,,,,,,,,,,,
23.725,9.215,-0.75,23.725,8.988,-0.367,,,,,,,,,,,,,,,,,,,,,,,,,,,,,,,,,
23.75,9.215,-0.75,23.75,9.006,-0.367,,,,,,,,,,,,,,,,,,,,,,,,,,,,,,,,,
23.775,9.215,-0.75,23.775,9.006,-0.367,,,,,,,,,,,,,,,,,,,,,,,,,,,,,,,,,
23.8,9.233,-0.733,23.8,9.006,-0.367,,,,,,,,,,,,,,,,,,,,,,,,,,,,,,,,,
23.825,9.233,-0.733,23.825,9.023,-0.367,,,,,,,,,,,,,,,,,,,,,,,,,,,,,,,,,
23.85,9.233,-0.733,23.85,9.023,-0.367,,,,,,,,,,,,,,,,,,,,,,,,,,,,,,,,,
23.875,9.233,-0.733,23.875,9.041,-0.367,,,,,,,,,,,,,,,,,,,,,,,,,,,,,,,,,
23.9,9.233,-0.733,23.9,9.041,-0.367,,,,,,,,,,,,,,,,,,,,,,,,,,,,,,,,,
23.925,9.233,-0.733,23.925,9.058,-0.367,,,,,,,,,,,,,,,,,,,,,,,,,,,,,,,,,
23.95,9.233,-0.75,23.95,9.058,-0.384,,,,,,,,,,,,,,,,,,,,,,,,,,,,,,,,,
23.975,9.233,-0.75,23.975,9.076,-0.384,,,,,,,,,,,,,,,,,,,,,,,,,,,,,,,,,
24,9.233,-0.75,24,9.076,-0.384,,,,,,,,,,,,,,,,,,,,,,,,,,,,,,,,,
24.025,9.233,-0.75,24.025,9.093,-0.384,,,,,,,,,,,,,,,,,,,,,,,,,,,,,,,,,
24.05,9.233,-0.75,24.05,9.111,-0.384,,,,,,,,,,,,,,,,,,,,,,,,,,,,,,,,,
24.075,9.233,-0.75,24.075,9.111,-0.401,,,,,,,,,,,,,,,,,,,,,,,,,,,,,,,,,
24.1,9.233,-0.75,24.1,9.128,-0.401,,,,,,,,,,,,,,,,,,,,,,,,,,,,,,,,,
24.125,9.233,-0.75,24.125,9.146,-0.401,,,,,,,,,,,,,,,,,,,,,,,,,,,,,,,,,
24.15,9.233,-0.75,24.15,9.146,-0.401,,,,,,,,,,,,,,,,,,,,,,,,,,,,,,,,,
24.175,9.233,-0.75,24.175,9.163,-0.401,,,,,,,,,,,,,,,,,,,,,,,,,,,,,,,,,
24.2,9.233,-0.75,24.2,9.18,-0.401,,,,,,,,,,,,,,,,,,,,,,,,,,,,,,,,,
24.225,9.233,-0.75,24.225,9.18,-0.401,,,,,,,,,,,,,,,,,,,,,,,,,,,,,,,,,
24.25,9.233,-0.75,24.25,9.198,-0.401,,,,,,,,,,,,,,,,,,,,,,,,,,,,,,,,,
24.275,9.215,-0.75,24.275,9.215,-0.384,,,,,,,,,,,,,,,,,,,,,,,,,,,,,,,,,
,,,24.3,9.215,-0.384,,,,,,,,,,,,,,,,,,,,,,,,,,,,,,,,,
,,,24.325,9.233,-0.384,,,,,,,,,,,,,,,,,,,,,,,,,,,,,,,,,
,,,24.35,9.233,-0.384,,,,,,,,,,,,,,,,,,,,,,,,,,,,,,,,,
,,,24.375,9.25,-0.384,,,,,,,,,,,,,,,,,,,,,,,,,,,,,,,,,
,,,24.4,9.25,-0.384,,,,,,,,,,,,,,,,,,,,,,,,,,,,,,,,,
,,,24.425,9.25,-0.384,,,,,,,,,,,,,,,,,,,,,,,,,,,,,,,,,
,,,24.45,9.268,-0.384,,,,,,,,,,,,,,,,,,,,,,,,,,,,,,,,,
,,,24.475,9.268,-0.384,,,,,,,,,,,,,,,,,,,,,,,,,,,,,,,,,
,,,24.5,9.285,-0.384,,,,,,,,,,,,,,,,,,,,,,,,,,,,,,,,,
,,,24.525,9.285,-0.384,,,,,,,,,,,,,,,,,,,,,,,,,,,,,,,,,
,,,24.55,9.285,-0.384,,,,,,,,,,,,,,,,,,,,,,,,,,,,,,,,,
,,,24.575,9.303,-0.401,,,,,,,,,,,,,,,,,,,,,,,,,,,,,,,,,
,,,24.6,9.303,-0.401,,,,,,,,,,,,,,,,,,,,,,,,,,,,,,,,,
,,,24.625,9.32,-0.401,,,,,,,,,,,,,,,,,,,,,,,,,,,,,,,,,
,,,24.65,9.32,-0.401,,,,,,,,,,,,,,,,,,,,,,,,,,,,,,,,,
,,,24.675,9.338,-0.401,,,,,,,,,,,,,,,,,,,,,,,,,,,,,,,,,
,,,24.7,9.338,-0.419,,,,,,,,,,,,,,,,,,,,,,,,,,,,,,,,,
,,,24.725,9.355,-0.419,,,,,,,,,,,,,,,,,,,,,,,,,,,,,,,,,
,,,24.75,9.372,-0.419,,,,,,,,,,,,,,,,,,,,,,,,,,,,,,,,,
,,,24.775,9.372,-0.419,,,,,,,,,,,,,,,,,,,,,,,,,,,,,,,,,
,,,24.8,9.39,-0.419,,,,,,,,,,,,,,,,,,,,,,,,,,,,,,,,,
,,,24.825,9.407,-0.419,,,,,,,,,,,,,,,,,,,,,,,,,,,,,,,,,
,,,24.85,9.407,-0.419,,,,,,,,,,,,,,,,,,,,,,,,,,,,,,,,,
,,,24.875,9.425,-0.419,,,,,,,,,,,,,,,,,,,,,,,,,,,,,,,,,
,,,24.9,9.442,-0.419,,,,,,,,,,,,,,,,,,,,,,,,,,,,,,,,,
,,,24.925,9.442,-0.419,,,,,,,,,,,,,,,,,,,,,,,,,,,,,,,,,
,,,24.95,9.46,-0.419,,,,,,,,,,,,,,,,,,,,,,,,,,,,,,,,,
,,,24.975,9.477,-0.419,,,,,,,,,,,,,,,,,,,,,,,,,,,,,,,,,
,,,25,9.477,-0.419,,,,,,,,,,,,,,,,,,,,,,,,,,,,,,,,,
,,,25.025,9.495,-0.419,,,,,,,,,,,,,,,,,,,,,,,,,,,,,,,,,
,,,25.05,9.495,-0.419,,,,,,,,,,,,,,,,,,,,,,,,,,,,,,,,,
,,,25.075,9.512,-0.419,,,,,,,,,,,,,,,,,,,,,,,,,,,,,,,,,
,,,25.1,9.512,-0.419,,,,,,,,,,,,,,,,,,,,,,,,,,,,,,,,,
,,,25.125,9.512,-0.419,,,,,,,,,,,,,,,,,,,,,,,,,,,,,,,,,
,,,25.15,9.529,-0.419,,,,,,,,,,,,,,,,,,,,,,,,,,,,,,,,,
,,,25.175,9.529,-0.419,,,,,,,,,,,,,,,,,,,,,,,,,,,,,,,,,
,,,25.2,9.547,-0.419,,,,,,,,,,,,,,,,,,,,,,,,,,,,,,,,,
,,,25.225,9.547,-0.419,,,,,,,,,,,,,,,,,,,,,,,,,,,,,,,,,
,,,25.25,9.547,-0.419,,,,,,,,,,,,,,,,,,,,,,,,,,,,,,,,,
,,,25.275,9.564,-0.419,,,,,,,,,,,,,,,,,,,,,,,,,,,,,,,,,
,,,25.3,9.564,-0.436,,,,,,,,,,,,,,,,,,,,,,,,,,,,,,,,,
,,,25.325,9.582,-0.436,,,,,,,,,,,,,,,,,,,,,,,,,,,,,,,,,
,,,25.35,9.582,-0.436,,,,,,,,,,,,,,,,,,,,,,,,,,,,,,,,,
,,,25.375,9.599,-0.436,,,,,,,,,,,,,,,,,,,,,,,,,,,,,,,,,
,,,25.4,9.599,-0.436,,,,,,,,,,,,,,,,,,,,,,,,,,,,,,,,,
,,,25.425,9.617,-0.436,,,,,,,,,,,,,,,,,,,,,,,,,,,,,,,,,
,,,25.45,9.634,-0.454,,,,,,,,,,,,,,,,,,,,,,,,,,,,,,,,,
,,,25.475,9.634,-0.454,,,,,,,,,,,,,,,,,,,,,,,,,,,,,,,,,
,,,25.5,9.652,-0.454,,,,,,,,,,,,,,,,,,,,,,,,,,,,,,,,,
,,,25.525,9.669,-0.454,,,,,,,,,,,,,,,,,,,,,,,,,,,,,,,,,
,,,25.55,9.669,-0.454,,,,,,,,,,,,,,,,,,,,,,,,,,,,,,,,,
,,,25.575,9.687,-0.454,,,,,,,,,,,,,,,,,,,,,,,,,,,,,,,,,
,,,25.6,9.704,-0.454,,,,,,,,,,,,,,,,,,,,,,,,,,,,,,,,,
,,,25.625,9.704,-0.454,,,,,,,,,,,,,,,,,,,,,,,,,,,,,,,,,
,,,25.65,9.721,-0.454,,,,,,,,,,,,,,,,,,,,,,,,,,,,,,,,,
,,,25.675,9.721,-0.454,,,,,,,,,,,,,,,,,,,,,,,,,,,,,,,,,
,,,25.7,9.739,-0.454,,,,,,,,,,,,,,,,,,,,,,,,,,,,,,,,,
,,,25.725,9.739,-0.454,,,,,,,,,,,,,,,,,,,,,,,,,,,,,,,,,
,,,25.75,9.756,-0.454,,,,,,,,,,,,,,,,,,,,,,,,,,,,,,,,,
,,,25.775,9.756,-0.454,,,,,,,,,,,,,,,,,,,,,,,,,,,,,,,,,
,,,25.8,9.774,-0.454,,,,,,,,,,,,,,,,,,,,,,,,,,,,,,,,,
,,,25.825,9.774,-0.454,,,,,,,,,,,,,,,,,,,,,,,,,,,,,,,,,
,,,25.85,9.791,-0.454,,,,,,,,,,,,,,,,,,,,,,,,,,,,,,,,,
,,,25.875,9.791,-0.454,,,,,,,,,,,,,,,,,,,,,,,,,,,,,,,,,
,,,25.9,9.809,-0.454,,,,,,,,,,,,,,,,,,,,,,,,,,,,,,,,,
,,,25.925,9.809,-0.454,,,,,,,,,,,,,,,,,,,,,,,,,,,,,,,,,
,,,25.95,9.809,-0.454,,,,,,,,,,,,,,,,,,,,,,,,,,,,,,,,,
,,,25.975,9.826,-0.454,,,,,,,,,,,,,,,,,,,,,,,,,,,,,,,,,
,,,26,9.826,-0.454,,,,,,,,,,,,,,,,,,,,,,,,,,,,,,,,,
,,,26.025,9.844,-0.454,,,,,,,,,,,,,,,,,,,,,,,,,,,,,,,,,
,,,26.05,9.844,-0.454,,,,,,,,,,,,,,,,,,,,,,,,,,,,,,,,,
,,,26.075,9.861,-0.471,,,,,,,,,,,,,,,,,,,,,,,,,,,,,,,,,
,,,26.1,9.861,-0.471,,,,,,,,,,,,,,,,,,,,,,,,,,,,,,,,,
,,,26.125,9.879,-0.471,,,,,,,,,,,,,,,,,,,,,,,,,,,,,,,,,
,,,26.15,9.896,-0.471,,,,,,,,,,,,,,,,,,,,,,,,,,,,,,,,,
,,,26.175,9.896,-0.471,,,,,,,,,,,,,,,,,,,,,,,,,,,,,,,,,
,,,26.2,9.913,-0.471,,,,,,,,,,,,,,,,,,,,,,,,,,,,,,,,,
,,,26.225,9.913,-0.471,,,,,,,,,,,,,,,,,,,,,,,,,,,,,,,,,
,,,26.25,9.931,-0.471,,,,,,,,,,,,,,,,,,,,,,,,,,,,,,,,,
,,,26.275,9.948,-0.471,,,,,,,,,,,,,,,,,,,,,,,,,,,,,,,,,
,,,26.3,9.948,-0.471,,,,,,,,,,,,,,,,,,,,,,,,,,,,,,,,,
,,,26.325,9.966,-0.471,,,,,,,,,,,,,,,,,,,,,,,,,,,,,,,,,
,,,26.35,9.983,-0.471,,,,,,,,,,,,,,,,,,,,,,,,,,,,,,,,,
,,,26.375,9.983,-0.471,,,,,,,,,,,,,,,,,,,,,,,,,,,,,,,,,
,,,26.4,10.001,-0.471,,,,,,,,,,,,,,,,,,,,,,,,,,,,,,,,,
,,,26.425,10.001,-0.471,,,,,,,,,,,,,,,,,,,,,,,,,,,,,,,,,
,,,26.45,10.018,-0.471,,,,,,,,,,,,,,,,,,,,,,,,,,,,,,,,,
,,,26.475,10.018,-0.471,,,,,,,,,,,,,,,,,,,,,,,,,,,,,,,,,
,,,26.5,10.036,-0.471,,,,,,,,,,,,,,,,,,,,,,,,,,,,,,,,,
,,,26.525,10.036,-0.471,,,,,,,,,,,,,,,,,,,,,,,,,,,,,,,,,
,,,26.55,10.053,-0.471,,,,,,,,,,,,,,,,,,,,,,,,,,,,,,,,,
,,,26.575,10.053,-0.471,,,,,,,,,,,,,,,,,,,,,,,,,,,,,,,,,
,,,26.6,10.053,-0.471,,,,,,,,,,,,,,,,,,,,,,,,,,,,,,,,,
,,,26.625,10.071,-0.471,,,,,,,,,,,,,,,,,,,,,,,,,,,,,,,,,
,,,26.65,10.071,-0.471,,,,,,,,,,,,,,,,,,,,,,,,,,,,,,,,,
,,,26.675,10.088,-0.489,,,,,,,,,,,,,,,,,,,,,,,,,,,,,,,,,
,,,26.7,10.088,-0.489,,,,,,,,,,,,,,,,,,,,,,,,,,,,,,,,,
,,,26.725,10.105,-0.489,,,,,,,,,,,,,,,,,,,,,,,,,,,,,,,,,
,,,26.75,10.105,-0.489,,,,,,,,,,,,,,,,,,,,,,,,,,,,,,,,,
,,,26.775,10.123,-0.489,,,,,,,,,,,,,,,,,,,,,,,,,,,,,,,,,
,,,26.8,10.123,-0.489,,,,,,,,,,,,,,,,,,,,,,,,,,,,,,,,,
,,,26.825,10.14,-0.489,,,,,,,,,,,,,,,,,,,,,,,,,,,,,,,,,
,,,26.85,10.14,-0.506,,,,,,,,,,,,,,,,,,,,,,,,,,,,,,,,,
,,,26.875,10.158,-0.506,,,,,,,,,,,,,,,,,,,,,,,,,,,,,,,,,
,,,26.9,10.175,-0.506,,,,,,,,,,,,,,,,,,,,,,,,,,,,,,,,,
,,,26.925,10.175,-0.506,,,,,,,,,,,,,,,,,,,,,,,,,,,,,,,,,
,,,26.95,10.193,-0.506,,,,,,,,,,,,,,,,,,,,,,,,,,,,,,,,,
,,,26.975,10.193,-0.506,,,,,,,,,,,,,,,,,,,,,,,,,,,,,,,,,
,,,27,10.21,-0.506,,,,,,,,,,,,,,,,,,,,,,,,,,,,,,,,,
,,,27.025,10.228,-0.506,,,,,,,,,,,,,,,,,,,,,,,,,,,,,,,,,
,,,27.05,10.228,-0.506,,,,,,,,,,,,,,,,,,,,,,,,,,,,,,,,,
,,,27.075,10.245,-0.506,,,,,,,,,,,,,,,,,,,,,,,,,,,,,,,,,
,,,27.1,10.245,-0.506,,,,,,,,,,,,,,,,,,,,,,,,,,,,,,,,,
,,,27.125,10.263,-0.506,,,,,,,,,,,,,,,,,,,,,,,,,,,,,,,,,
,,,27.15,10.263,-0.506,,,,,,,,,,,,,,,,,,,,,,,,,,,,,,,,,
,,,27.175,10.28,-0.506,,,,,,,,,,,,,,,,,,,,,,,,,,,,,,,,,
,,,27.2,10.28,-0.506,,,,,,,,,,,,,,,,,,,,,,,,,,,,,,,,,
,,,27.225,10.297,-0.506,,,,,,,,,,,,,,,,,,,,,,,,,,,,,,,,,
,,,27.25,10.297,-0.506,,,,,,,,,,,,,,,,,,,,,,,,,,,,,,,,,
,,,27.275,10.315,-0.506,,,,,,,,,,,,,,,,,,,,,,,,,,,,,,,,,
,,,27.3,10.315,-0.506,,,,,,,,,,,,,,,,,,,,,,,,,,,,,,,,,
,,,27.325,10.332,-0.506,,,,,,,,,,,,,,,,,,,,,,,,,,,,,,,,,
,,,27.35,10.332,-0.506,,,,,,,,,,,,,,,,,,,,,,,,,,,,,,,,,
,,,27.375,10.332,-0.506,,,,,,,,,,,,,,,,,,,,,,,,,,,,,,,,,
,,,27.4,10.35,-0.506,,,,,,,,,,,,,,,,,,,,,,,,,,,,,,,,,
,,,27.425,10.35,-0.524,,,,,,,,,,,,,,,,,,,,,,,,,,,,,,,,,
,,,27.45,10.367,-0.524,,,,,,,,,,,,,,,,,,,,,,,,,,,,,,,,,
,,,27.475,10.367,-0.524,,,,,,,,,,,,,,,,,,,,,,,,,,,,,,,,,
,,,27.5,10.385,-0.524,,,,,,,,,,,,,,,,,,,,,,,,,,,,,,,,,
,,,27.525,10.385,-0.524,,,,,,,,,,,,,,,,,,,,,,,,,,,,,,,,,
,,,27.55,10.402,-0.524,,,,,,,,,,,,,,,,,,,,,,,,,,,,,,,,,
,,,27.575,10.402,-0.524,,,,,,,,,,,,,,,,,,,,,,,,,,,,,,,,,
,,,27.6,10.42,-0.524,,,,,,,,,,,,,,,,,,,,,,,,,,,,,,,,,
,,,27.625,10.437,-0.541,,,,,,,,,,,,,,,,,,,,,,,,,,,,,,,,,
,,,27.65,10.437,-0.541,,,,,,,,,,,,,,,,,,,,,,,,,,,,,,,,,
,,,27.675,10.455,-0.541,,,,,,,,,,,,,,,,,,,,,,,,,,,,,,,,,
,,,27.7,10.455,-0.541,,,,,,,,,,,,,,,,,,,,,,,,,,,,,,,,,
,,,27.725,10.472,-0.541,,,,,,,,,,,,,,,,,,,,,,,,,,,,,,,,,
,,,27.75,10.472,-0.541,,,,,,,,,,,,,,,,,,,,,,,,,,,,,,,,,
,,,27.775,10.489,-0.524,,,,,,,,,,,,,,,,,,,,,,,,,,,,,,,,,
,,,27.8,10.489,-0.524,,,,,,,,,,,,,,,,,,,,,,,,,,,,,,,,,
,,,27.825,10.489,-0.524,,,,,,,,,,,,,,,,,,,,,,,,,,,,,,,,,
,,,27.85,10.507,-0.524,,,,,,,,,,,,,,,,,,,,,,,,,,,,,,,,,
,,,27.875,10.507,-0.524,,,,,,,,,,,,,,,,,,,,,,,,,,,,,,,,,
,,,27.9,10.524,-0.524,,,,,,,,,,,,,,,,,,,,,,,,,,,,,,,,,
,,,27.925,10.524,-0.541,,,,,,,,,,,,,,,,,,,,,,,,,,,,,,,,,
,,,27.95,10.524,-0.541,,,,,,,,,,,,,,,,,,,,,,,,,,,,,,,,,
,,,27.975,10.542,-0.541,,,,,,,,,,,,,,,,,,,,,,,,,,,,,,,,,
,,,28,10.542,-0.541,,,,,,,,,,,,,,,,,,,,,,,,,,,,,,,,,
,,,28.025,10.542,-0.541,,,,,,,,,,,,,,,,,,,,,,,,,,,,,,,,,
,,,28.05,10.559,-0.541,,,,,,,,,,,,,,,,,,,,,,,,,,,,,,,,,
,,,28.075,10.559,-0.541,,,,,,,,,,,,,,,,,,,,,,,,,,,,,,,,,
,,,28.1,10.559,-0.541,,,,,,,,,,,,,,,,,,,,,,,,,,,,,,,,,
,,,28.125,10.577,-0.541,,,,,,,,,,,,,,,,,,,,,,,,,,,,,,,,,
,,,28.15,10.577,-0.541,,,,,,,,,,,,,,,,,,,,,,,,,,,,,,,,,
,,,28.175,10.594,-0.541,,,,,,,,,,,,,,,,,,,,,,,,,,,,,,,,,
,,,28.2,10.594,-0.541,,,,,,,,,,,,,,,,,,,,,,,,,,,,,,,,,
,,,28.225,10.594,-0.541,,,,,,,,,,,,,,,,,,,,,,,,,,,,,,,,,
,,,28.25,10.612,-0.541,,,,,,,,,,,,,,,,,,,,,,,,,,,,,,,,,
,,,28.275,10.612,-0.541,,,,,,,,,,,,,,,,,,,,,,,,,,,,,,,,,
,,,28.3,10.612,-0.541,,,,,,,,,,,,,,,,,,,,,,,,,,,,,,,,,
,,,28.325,10.612,-0.541,,,,,,,,,,,,,,,,,,,,,,,,,,,,,,,,,
,,,28.35,10.629,-0.541,,,,,,,,,,,,,,,,,,,,,,,,,,,,,,,,,
,,,28.375,10.629,-0.541,,,,,,,,,,,,,,,,,,,,,,,,,,,,,,,,,
,,,28.4,10.629,-0.541,,,,,,,,,,,,,,,,,,,,,,,,,,,,,,,,,
,,,28.425,10.629,-0.541,,,,,,,,,,,,,,,,,,,,,,,,,,,,,,,,,
,,,28.45,10.647,-0.541,,,,,,,,,,,,,,,,,,,,,,,,,,,,,,,,,
,,,28.475,10.647,-0.541,,,,,,,,,,,,,,,,,,,,,,,,,,,,,,,,,
,,,28.5,10.647,-0.541,,,,,,,,,,,,,,,,,,,,,,,,,,,,,,,,,
,,,28.525,10.647,-0.541,,,,,,,,,,,,,,,,,,,,,,,,,,,,,,,,,
,,,28.55,10.664,-0.541,,,,,,,,,,,,,,,,,,,,,,,,,,,,,,,,,
,,,28.575,10.664,-0.541,,,,,,,,,,,,,,,,,,,,,,,,,,,,,,,,,
,,,28.6,10.664,-0.541,,,,,,,,,,,,,,,,,,,,,,,,,,,,,,,,,
,,,28.625,10.664,-0.541,,,,,,,,,,,,,,,,,,,,,,,,,,,,,,,,,
,,,28.65,10.664,-0.541,,,,,,,,,,,,,,,,,,,,,,,,,,,,,,,,,
,,,28.675,10.664,-0.541,,,,,,,,,,,,,,,,,,,,,,,,,,,,,,,,,
,,,28.7,10.681,-0.541,,,,,,,,,,,,,,,,,,,,,,,,,,,,,,,,,
,,,28.725,10.681,-0.541,,,,,,,,,,,,,,,,,,,,,,,,,,,,,,,,,
,,,28.75,10.681,-0.541,,,,,,,,,,,,,,,,,,,,,,,,,,,,,,,,,
,,,28.775,10.681,-0.559,,,,,,,,,,,,,,,,,,,,,,,,,,,,,,,,,
,,,28.8,10.681,-0.559,,,,,,,,,,,,,,,,,,,,,,,,,,,,,,,,,
,,,28.825,10.681,-0.559,,,,,,,,,,,,,,,,,,,,,,,,,,,,,,,,,
,,,28.85,10.681,-0.559,,,,,,,,,,,,,,,,,,,,,,,,,,,,,,,,,
,,,28.875,10.681,-0.559,,,,,,,,,,,,,,,,,,,,,,,,,,,,,,,,,
,,,28.9,10.681,-0.559,,,,,,,,,,,,,,,,,,,,,,,,,,,,,,,,,
,,,28.925,10.699,-0.559,,,,,,,,,,,,,,,,,,,,,,,,,,,,,,,,,
,,,28.95,10.699,-0.559,,,,,,,,,,,,,,,,,,,,,,,,,,,,,,,,,
,,,28.975,10.699,-0.559,,,,,,,,,,,,,,,,,,,,,,,,,,,,,,,,,
,,,29,10.699,-0.559,,,,,,,,,,,,,,,,,,,,,,,,,,,,,,,,,
,,,29.025,10.699,-0.559,,,,,,,,,,,,,,,,,,,,,,,,,,,,,,,,,
,,,29.05,10.699,-0.559,,,,,,,,,,,,,,,,,,,,,,,,,,,,,,,,,
,,,29.075,10.699,-0.559,,,,,,,,,,,,,,,,,,,,,,,,,,,,,,,,,
,,,29.1,10.699,-0.559,,,,,,,,,,,,,,,,,,,,,,,,,,,,,,,,,
,,,29.125,10.699,-0.559,,,,,,,,,,,,,,,,,,,,,,,,,,,,,,,,,
,,,29.15,10.699,-0.559,,,,,,,,,,,,,,,,,,,,,,,,,,,,,,,,,
,,,29.175,10.699,-0.559,,,,,,,,,,,,,,,,,,,,,,,,,,,,,,,,,
,,,29.2,10.699,-0.559,,,,,,,,,,,,,,,,,,,,,,,,,,,,,,,,,
,,,29.225,10.699,-0.559,,,,,,,,,,,,,,,,,,,,,,,,,,,,,,,,,
,,,29.25,10.699,-0.559,,,,,,,,,,,,,,,,,,,,,,,,,,,,,,,,,
,,,29.275,10.699,-0.559,,,,,,,,,,,,,,,,,,,,,,,,,,,,,,,,,
,,,29.3,10.699,-0.559,,,,,,,,,,,,,,,,,,,,,,,,,,,,,,,,,
,,,29.325,10.681,-0.559,,,,,,,,,,,,,,,,,,,,,,,,,,,,,,,,,
,,,29.35,10.681,-0.559,,,,,,,,,,,,,,,,,,,,,,,,,,,,,,,,,
,,,29.375,10.681,-0.559,,,,,,,,,,,,,,,,,,,,,,,,,,,,,,,,,
,,,29.4,10.681,-0.559,,,,,,,,,,,,,,,,,,,,,,,,,,,,,,,,,
,,,29.425,10.681,-0.559,,,,,,,,,,,,,,,,,,,,,,,,,,,,,,,,,
,,,29.45,10.681,-0.559,,,,,,,,,,,,,,,,,,,,,,,,,,,,,,,,,
,,,29.475,10.681,-0.559,,,,,,,,,,,,,,,,,,,,,,,,,,,,,,,,,
,,,29.5,10.681,-0.559,,,,,,,,,,,,,,,,,,,,,,,,,,,,,,,,,
,,,29.525,10.681,-0.559,,,,,,,,,,,,,,,,,,,,,,,,,,,,,,,,,
,,,29.55,10.664,-0.559,,,,,,,,,,,,,,,,,,,,,,,,,,,,,,,,,
,,,29.575,10.664,-0.559,,,,,,,,,,,,,,,,,,,,,,,,,,,,,,,,,
,,,29.6,10.664,-0.559,,,,,,,,,,,,,,,,,,,,,,,,,,,,,,,,,
,,,29.625,10.664,-0.559,,,,,,,,,,,,,,,,,,,,,,,,,,,,,,,,,
,,,29.65,10.664,-0.559,,,,,,,,,,,,,,,,,,,,,,,,,,,,,,,,,
,,,29.675,10.664,-0.559,,,,,,,,,,,,,,,,,,,,,,,,,,,,,,,,,
,,,29.7,10.647,-0.559,,,,,,,,,,,,,,,,,,,,,,,,,,,,,,,,,
,,,29.725,10.647,-0.559,,,,,,,,,,,,,,,,,,,,,,,,,,,,,,,,,
,,,29.75,10.647,-0.559,,,,,,,,,,,,,,,,,,,,,,,,,,,,,,,,,
,,,29.775,10.647,-0.559,,,,,,,,,,,,,,,,,,,,,,,,,,,,,,,,,
,,,29.8,10.629,-0.559,,,,,,,,,,,,,,,,,,,,,,,,,,,,,,,,,
,,,29.825,10.629,-0.559,,,,,,,,,,,,,,,,,,,,,,,,,,,,,,,,,
,,,29.85,10.629,-0.559,,,,,,,,,,,,,,,,,,,,,,,,,,,,,,,,,
,,,29.875,10.629,-0.559,,,,,,,,,,,,,,,,,,,,,,,,,,,,,,,,,
,,,29.9,10.629,-0.559,,,,,,,,,,,,,,,,,,,,,,,,,,,,,,,,,
,,,29.925,10.629,-0.559,,,,,,,,,,,,,,,,,,,,,,,,,,,,,,,,,
,,,29.95,10.612,-0.559,,,,,,,,,,,,,,,,,,,,,,,,,,,,,,,,,
,,,29.975,10.612,-0.559,,,,,,,,,,,,,,,,,,,,,,,,,,,,,,,,,
,,,30,10.612,-0.576,,,,,,,,,,,,,,,,,,,,,,,,,,,,,,,,,
,,,30.025,10.612,-0.576,,,,,,,,,,,,,,,,,,,,,,,,,,,,,,,,,
,,,30.05,10.594,-0.576,,,,,,,,,,,,,,,,,,,,,,,,,,,,,,,,,
,,,30.075,10.594,-0.576,,,,,,,,,,,,,,,,,,,,,,,,,,,,,,,,,
,,,30.1,10.594,-0.576,,,,,,,,,,,,,,,,,,,,,,,,,,,,,,,,,
,,,30.125,10.577,-0.576,,,,,,,,,,,,,,,,,,,,,,,,,,,,,,,,,
,,,30.15,10.577,-0.576,,,,,,,,,,,,,,,,,,,,,,,,,,,,,,,,,
,,,30.175,10.577,-0.576,,,,,,,,,,,,,,,,,,,,,,,,,,,,,,,,,
,,,30.2,10.577,-0.576,,,,,,,,,,,,,,,,,,,,,,,,,,,,,,,,,
,,,30.225,10.559,-0.576,,,,,,,,,,,,,,,,,,,,,,,,,,,,,,,,,
,,,30.25,10.559,-0.576,,,,,,,,,,,,,,,,,,,,,,,,,,,,,,,,,
,,,30.275,10.559,-0.576,,,,,,,,,,,,,,,,,,,,,,,,,,,,,,,,,
,,,30.3,10.542,-0.576,,,,,,,,,,,,,,,,,,,,,,,,,,,,,,,,,
,,,30.325,10.542,-0.576,,,,,,,,,,,,,,,,,,,,,,,,,,,,,,,,,
,,,30.35,10.542,-0.576,,,,,,,,,,,,,,,,,,,,,,,,,,,,,,,,,
,,,30.375,10.524,-0.576,,,,,,,,,,,,,,,,,,,,,,,,,,,,,,,,,
,,,30.4,10.524,-0.576,,,,,,,,,,,,,,,,,,,,,,,,,,,,,,,,,
,,,30.425,10.507,-0.576,,,,,,,,,,,,,,,,,,,,,,,,,,,,,,,,,
,,,30.45,10.507,-0.576,,,,,,,,,,,,,,,,,,,,,,,,,,,,,,,,,
,,,30.475,10.507,-0.576,,,,,,,,,,,,,,,,,,,,,,,,,,,,,,,,,
,,,30.5,10.489,-0.576,,,,,,,,,,,,,,,,,,,,,,,,,,,,,,,,,
,,,30.525,10.489,-0.576,,,,,,,,,,,,,,,,,,,,,,,,,,,,,,,,,
,,,30.55,10.489,-0.576,,,,,,,,,,,,,,,,,,,,,,,,,,,,,,,,,
,,,30.575,10.472,-0.576,,,,,,,,,,,,,,,,,,,,,,,,,,,,,,,,,
,,,30.6,10.472,-0.576,,,,,,,,,,,,,,,,,,,,,,,,,,,,,,,,,
,,,30.625,10.455,-0.576,,,,,,,,,,,,,,,,,,,,,,,,,,,,,,,,,
,,,30.65,10.455,-0.576,,,,,,,,,,,,,,,,,,,,,,,,,,,,,,,,,
,,,30.675,10.455,-0.576,,,,,,,,,,,,,,,,,,,,,,,,,,,,,,,,,
,,,30.7,10.437,-0.576,,,,,,,,,,,,,,,,,,,,,,,,,,,,,,,,,
,,,30.725,10.437,-0.576,,,,,,,,,,,,,,,,,,,,,,,,,,,,,,,,,
,,,30.75,10.42,-0.576,,,,,,,,,,,,,,,,,,,,,,,,,,,,,,,,,
,,,30.775,10.42,-0.576,,,,,,,,,,,,,,,,,,,,,,,,,,,,,,,,,
,,,30.8,10.42,-0.576,,,,,,,,,,,,,,,,,,,,,,,,,,,,,,,,,
,,,30.825,10.402,-0.576,,,,,,,,,,,,,,,,,,,,,,,,,,,,,,,,,
,,,30.85,10.402,-0.576,,,,,,,,,,,,,,,,,,,,,,,,,,,,,,,,,
,,,30.875,10.385,-0.576,,,,,,,,,,,,,,,,,,,,,,,,,,,,,,,,,
,,,30.9,10.385,-0.576,,,,,,,,,,,,,,,,,,,,,,,,,,,,,,,,,
,,,30.925,10.367,-0.576,,,,,,,,,,,,,,,,,,,,,,,,,,,,,,,,,
,,,30.95,10.367,-0.576,,,,,,,,,,,,,,,,,,,,,,,,,,,,,,,,,
,,,30.975,10.367,-0.576,,,,,,,,,,,,,,,,,,,,,,,,,,,,,,,,,
,,,31,10.35,-0.576,,,,,,,,,,,,,,,,,,,,,,,,,,,,,,,,,
,,,31.025,10.35,-0.576,,,,,,,,,,,,,,,,,,,,,,,,,,,,,,,,,
,,,31.05,10.332,-0.576,,,,,,,,,,,,,,,,,,,,,,,,,,,,,,,,,
,,,31.075,10.332,-0.576,,,,,,,,,,,,,,,,,,,,,,,,,,,,,,,,,
,,,31.1,10.315,-0.576,,,,,,,,,,,,,,,,,,,,,,,,,,,,,,,,,
,,,31.125,10.315,-0.576,,,,,,,,,,,,,,,,,,,,,,,,,,,,,,,,,
,,,31.15,10.297,-0.576,,,,,,,,,,,,,,,,,,,,,,,,,,,,,,,,,
,,,31.175,10.297,-0.576,,,,,,,,,,,,,,,,,,,,,,,,,,,,,,,,,
,,,31.2,10.28,-0.576,,,,,,,,,,,,,,,,,,,,,,,,,,,,,,,,,
,,,31.225,10.28,-0.576,,,,,,,,,,,,,,,,,,,,,,,,,,,,,,,,,
,,,31.25,10.263,-0.576,,,,,,,,,,,,,,,,,,,,,,,,,,,,,,,,,
,,,31.275,10.263,-0.576,,,,,,,,,,,,,,,,,,,,,,,,,,,,,,,,,
,,,31.3,10.245,-0.576,,,,,,,,,,,,,,,,,,,,,,,,,,,,,,,,,
,,,31.325,10.245,-0.576,,,,,,,,,,,,,,,,,,,,,,,,,,,,,,,,,
,,,31.35,10.228,-0.576,,,,,,,,,,,,,,,,,,,,,,,,,,,,,,,,,
,,,31.375,10.228,-0.576,,,,,,,,,,,,,,,,,,,,,,,,,,,,,,,,,
,,,31.4,10.21,-0.576,,,,,,,,,,,,,,,,,,,,,,,,,,,,,,,,,
,,,31.425,10.21,-0.576,,,,,,,,,,,,,,,,,,,,,,,,,,,,,,,,,
,,,31.45,10.193,-0.576,,,,,,,,,,,,,,,,,,,,,,,,,,,,,,,,,
,,,31.475,10.193,-0.576,,,,,,,,,,,,,,,,,,,,,,,,,,,,,,,,,
,,,31.5,10.175,-0.576,,,,,,,,,,,,,,,,,,,,,,,,,,,,,,,,,
,,,31.525,10.175,-0.576,,,,,,,,,,,,,,,,,,,,,,,,,,,,,,,,,
,,,31.55,10.158,-0.576,,,,,,,,,,,,,,,,,,,,,,,,,,,,,,,,,
,,,31.575,10.158,-0.576,,,,,,,,,,,,,,,,,,,,,,,,,,,,,,,,,
,,,31.6,10.14,-0.576,,,,,,,,,,,,,,,,,,,,,,,,,,,,,,,,,
,,,31.625,10.14,-0.576,,,,,,,,,,,,,,,,,,,,,,,,,,,,,,,,,
,,,31.65,10.123,-0.576,,,,,,,,,,,,,,,,,,,,,,,,,,,,,,,,,
,,,31.675,10.123,-0.576,,,,,,,,,,,,,,,,,,,,,,,,,,,,,,,,,
,,,31.7,10.105,-0.576,,,,,,,,,,,,,,,,,,,,,,,,,,,,,,,,,
,,,31.725,10.105,-0.576,,,,,,,,,,,,,,,,,,,,,,,,,,,,,,,,,
,,,31.75,10.088,-0.576,,,,,,,,,,,,,,,,,,,,,,,,,,,,,,,,,
,,,31.775,10.088,-0.576,,,,,,,,,,,,,,,,,,,,,,,,,,,,,,,,,
,,,31.8,10.071,-0.576,,,,,,,,,,,,,,,,,,,,,,,,,,,,,,,,,
,,,31.825,10.071,-0.576,,,,,,,,,,,,,,,,,,,,,,,,,,,,,,,,,
,,,31.85,10.053,-0.576,,,,,,,,,,,,,,,,,,,,,,,,,,,,,,,,,
,,,31.875,10.036,-0.576,,,,,,,,,,,,,,,,,,,,,,,,,,,,,,,,,
,,,31.9,10.036,-0.576,,,,,,,,,,,,,,,,,,,,,,,,,,,,,,,,,
,,,31.925,10.018,-0.576,,,,,,,,,,,,,,,,,,,,,,,,,,,,,,,,,
,,,31.95,10.018,-0.576,,,,,,,,,,,,,,,,,,,,,,,,,,,,,,,,,
,,,31.975,10.001,-0.576,,,,,,,,,,,,,,,,,,,,,,,,,,,,,,,,,
,,,32,10.001,-0.576,,,,,,,,,,,,,,,,,,,,,,,,,,,,,,,,,
,,,32.025,9.983,-0.576,,,,,,,,,,,,,,,,,,,,,,,,,,,,,,,,,
,,,32.05,9.983,-0.576,,,,,,,,,,,,,,,,,,,,,,,,,,,,,,,,,
,,,32.075,9.966,-0.576,,,,,,,,,,,,,,,,,,,,,,,,,,,,,,,,,
,,,32.1,9.948,-0.576,,,,,,,,,,,,,,,,,,,,,,,,,,,,,,,,,
,,,32.125,9.948,-0.576,,,,,,,,,,,,,,,,,,,,,,,,,,,,,,,,,
,,,32.15,9.931,-0.576,,,,,,,,,,,,,,,,,,,,,,,,,,,,,,,,,
,,,32.175,9.931,-0.576,,,,,,,,,,,,,,,,,,,,,,,,,,,,,,,,,